CODICE_SCUOLA,NUMERO DI TELEFONO,N_SEDI,N_SEDI_CON_TELEFONO
AG001P,+390922604130,1,1
AG002P,+390922851858; +3909222851858; +390823821674; +390817261992; +390815871170; +390818540666; +390817261850,8,8
AG003P,+393299634619,1,1
AG004P,+393669302064; +390922416580,2,2
AG005P,+390925544361,1,1
AG006P,+39092564030,1,1
AG007P,+39092234127,1,1
AG008P,+39092585444,1,1
AG009P,+393392403012,1,1
AG010P,+39092521834,1,1
AG011P,+39092571275,1,1
AG012P,+39092538016,1,1
AG013P,+390922968148,1,1
AG014P,+390922473560,1,1
AG015P,+390925543240,1,1
AG016P,+393473483548,1,1
AG017P,+390922851506,1,1
AG018P,+390922891429; +393288785973,2,2
AG019P,,1,0
AG020P,+390922607926,1,1
AG021P,+390922892377,1,1
AG022P,+390922597293,1,1
AG023P,+390922902720,1,1
AG024P,+390922877143,1,1
AG025P,+393283911143,1,1
AG026P,+390922831944,1,1
AG027P,+393358013965,1,1
AG028P,+393889060996,1,1
AG029P,+393206224738,1,1
AG030P,+390922071803,1,1
AG031P,+393299634619,1,1
AG032P,+393209166727,1,1
AG033P,+393408464811,1,1
AG034P,+393713554743,1,1
AG035P,,1,0
AG036P,+390922525770,1,1
AG037P,,1,0
AG038P,+393386382830,1,1
AG039P,+390925441835,1,1
AG040P,+390925441883,1,1
AG041P,+393276567728; +390922894155,4,4
AG042P,+393207650256,1,1
AG043P,+393884667885,1,1
AG044P,+390922880548,1,1
AG045P,+390922801162,1,1
AG046P,+39092573362,1,1
AG047P,+393283911143,1,1
AG048P,+390922661007,4,2
AG049P,+39092223774,2,2
AG050P,+39092226264,1,1
AG051P,+39092571151,1,1
AG052P,,1,0
AG053P,+390922853032,1,1
AG054P,,1,0
AG055P,,1,0
AL001P,+390144322928,1,1
AL002P,+390131253793,3,3
AL003P,+3901311670462,1,1
AL004P,+390131266376,1,1
AL005P,+390131618398,1,1
AL006P,+390131342149,1,1
AL007P,+390131254253,5,5
AL008P,+390143636327,1,1
AL009P,+39014385123,1,1
AL010P,+390142461586,3,3
AL011P,+39014347596,1,1
AL012P,+393343038229,1,1
AL013P,+3901432892,1,1
AL014P,+39014380360,4,4
AL015P,+39014380388,1,1
AL016P,+390144376104,1,1
AL017P,+393514036672,1,1
AL018P,+39014365246,1,1
AL019P,+390131862335; +39038343824,2,2
AL020P,+390131861855,3,3
AL021P,+390131868282,1,1
AL022P,+390131924995,1,1
AL023P,+390131942677,1,1
AL024P,+39014367181,1,1
AL025P,+393517921169,1,1
AL026P,+39013141505,1,1
AL027P,+39014350122,1,1
AL028P,+390143510253,2,2
AL029P,+39014457339; +390144443034,2,2
AL030P,+39014273722,1,1
AN001P,+39071781030,1,1
AN002P,+39071918211,1,1
AN003P,+390731780722,1,1
AN004P,+39071200519,2,2
AN005P,+390719307007,1,1
AN006P,+39071659844,1,1
AN007P,+390731700005,1,1
AN008P,+39071977143; +39057521292; +390758522255; +39075856221; +39075854555; +390756920292; +39050598447; +390573401713,14,13
AN009P,+39071780633,2,2
AN010P,+39071742238,1,1
AN011P,+3907134385,1,1
AN012P,+390719330937,1,1
AN013P,+3907163415,1,1
AN014P,+39071977244,1,1
AN015P,+393515518539,1,1
AN016P,+3907172451,1,1
AN017P,,4,0
AN018P,+390731204162,2,1
AP001P,+39073642617,2,2
AP002P,+39073642617,1,1
AP003P,+390735592358,1,1
AP004P,+390735592003,2,2
AP005P,+393516035973,1,1
AP006P,+390735777451,1,1
AP007P,+390735659745,1,1
AP008P,+390736256439,1,1
AP009P,+390735581854,7,6
AP010P,+39073642408,1,1
AP011P,+390736342875,2,2
AP012P,,1,0
AP013P,+390735583282; +39073500583282,3,3
AP014P,+39073642617,1,1
AQ001P,+39086393248,1,1
AQ002P,+390862680473,1,1
AQ003P,+39086222331,1,1
AQ004P,+390862413373; +393296990118,2,2
AQ005P,+390863841124,1,1
AQ006P,+39086474342,1,1
AQ007P,+39086224559,3,3
AQ008P,+390863441530,1,1
AQ009P,+390864845835,1,1
AQ010P,+39086333111,1,1
AQ011P,+39086386110,1,1
AQ012P,+39086352167,1,1
AQ013P,+390863561026,1,1
AQ014P,+393713376943,1,1
AQ015P,+3908631854040; +390863420620,2,2
AQ016P,+390862317109,1,1
AQ017P,+390862441345,1,1
AQ018P,+39086451246,2,2
AQ019P,+393348279308,1,1
AQ020P,+39086452612,1,1
AQ021P,+390864435508,1,1
AQ022P,+390863441618,1,1
AQ023P,+393792920529,1,1
AQ024P,+390863678139,1,1
AQ025P,+390863530117,1,1
AQ026P,+393495269219,2,2
AQ027P,+390863451202,1,1
AQ028P,+39086333144,1,1
AQ029P,+390862938137,1,1
AQ030P,+390736343962,1,1
AQ031P,+390862319667,1,1
AQ032P,+393383757946,1,1
AQ033P,+393342987002,1,1
AQ034P,+393409824576,1,1
AQ035P,+390863679172,1,1
AQ036P,+390862292879,1,1
AQ037P,+39086452612,1,1
AQ038P,+393200724686,1,1
AR001P,+39057520648,1,1
AR002P,+390575902679; +39057523244; +39055222457; +390558430685; +39057172219; +39056493306; +390187420154; +39058570106; +390585787144; +390585634330; +390574620990; +390574694943; +39057438327; +39057421874; +390558719026; +390574742434; +390573838088; +39062008873; +390458003894; +390457285013,28,27
AR003P,+390559129898,2,2
AR004P,+390575741057,1,1
AR005P,+390556533710,1,1
AR006P,+390575736839,2,2
AR007P,+39057523994,2,2
AR008P,+39057520283; +390575380298; +390575910397; +390575362009,4,4
AR009P,+390575367155,1,1
AR010P,+390575903394,1,1
AR011P,+39057597059,1,1
AR012P,+390559707426; +390559788741,2,2
AR013P,+39057567360,1,1
AR014P,+390558869503; +390585832216; +390331220222,3,3
AR015P,+39055960180,1,1
AR016P,+390575720042,1,1
AR017P,+390575720581,1,1
AR018P,+390575488047,1,1
AR019P,+390557608180,1,1
AR020P,+39057520648,1,1
AR021P,+390575740288,1,1
AT001P,+390141593790,1,1
AT002P,+390141211844,2,2
AT003P,+390141593871,1,1
AT004P,+390141594708,1,1
AT005P,+390141382776,1,1
AT006P,+390141928500,1,1
AT007P,+390141823762,1,1
AT008P,+393356079173,2,2
AT009P,+390141878221,1,1
AT010P,+390141957303,1,1
AT011P,+390141969100,1,1
AT012P,+390141389179,1,1
AT013P,+390141917280,1,1
AT014P,+3901411806604; +3901411806139,3,3
AT015P,+390141976333,1,1
AT016P,+393288776554,1,1
AT017P,+390141975143,1,1
AT018P,+390141943444,1,1
AT019P,+390141946313,1,1
AT020P,+390141411195,1,1
AT021P,+393703567427; +393357816504,2,2
AT022P,+390141853298,1,1
AT023P,+393343080085,1,1
AT024P,+390141233488,2,2
AT025P,+390141556260,2,2
AT026P,+390141091531,1,1
AV001P,+390825871201,2,2
AV002P,+390825460774,1,1
AV003P,+39082538380; +39082535576,2,2
AV004P,+39082535320,1,1
AV005P,+39082534146,1,1
AV006P,+390818259254,1,1
AV007P,+390825475133,1,1
AV008P,+390825441041,1,1
AV009P,+39082742029,1,1
AV010P,+393516380786,1,1
AV011P,+39082761051,1,1
AV012P,+39082761196,1,1
AV013P,+390825502662,1,1
AV014P,+390815112088,1,1
AV015P,+393478880584,1,1
AV016P,+390825962071,1,1
AV017P,+390825594075,1,1
AV018P,+390825512805,1,1
AV019P,+39082724215,1,1
AV020P,+390825457994; +393312364972,2,2
AV021P,+39082533673,2,2
AV022P,+390818251262,1,1
AV023P,+390825520817,3,1
AV024P,+390815111597,1,1
AV025P,+390818240323,1,1
AV026P,+390825667256,1,1
AV027P,+390825626551,1,1
AV028P,+390825702786,1,1
AV029P,+39082753056,1,1
AV030P,+393396441863,1,1
AV031P,+390818249558,1,1
AV032P,,1,0
AV033P,+393889066767,1,1
AV034P,+393922990316,1,1
AV035P,+3908251830070,1,1
AV036P,+393401000170,1,1
AV037P,,1,0
AV038P,+3908251886976,1,1
AV039P,+390818251262,1,1
AV040P,+390825787038,1,1
AV041P,+39082535320,1,1
AV042P,+390825444153,1,1
AV043P,,4,0
AV044P,+390825780564,4,2
AV045P,,2,0
AV046P,,7,0
AV047P,+390815111824,1,1
AV048P,+390825753854,2,2
AV049P,,1,0
AV050P,+390813764477,1,1
AV051P,+390824045451; +3908241523755,2,2
BA001P,+390805778150; +390805589856,2,2
BA002P,+390805778120; +390805778142,5,2
BA003P,+390805778110; +390805778190; +390805772475; +390805778210,4,4
BA004P,+390805217181,1,1
BA005P,+390805235846,1,1
BA006P,+390805534875,2,2
BA007P,+390805336001,1,1
BA008P,+390805371048,2,2
BA009P,+390805014706; +390805014769; +393939899308,4,4
BA010P,+390805484999,1,1
BA011P,+393896864281,1,1
BA012P,+390805425745,3,3
BA013P,+390805968811,3,3
BA014P,+390805300160; +390803267506,2,2
BA015P,+393389854252; +390805574688,2,2
BA016P,+390805213395,1,1
BA017P,+390805491413,1,1
BA018P,+390805214979,1,1
BA019P,+39080759475,1,1
BA020P,+390804321287,1,1
BA021P,+390803142233,1,1
BA022P,+390803101035,1,1
BA023P,+390803141358,1,1
BA024P,+390803115485,1,1
BA025P,+390803751034,2,2
BA026P,,1,0
BA027P,+39080631796,1,1
BA028P,+390804951139; +390804761198,2,2
BA029P,+390807983709,1,1
BA030P,+390803729477,1,1
BA031P,+390804037493,1,1
BA032P,+390804741670,1,1
BA033P,+390803345941,1,1
BA034P,+390803354257,1,1
BA035P,+390804781419,1,1
BA036P,+390804793378; +390804793306,2,2
BA037P,+390804911614; +390804058444,2,2
BA038P,+390804053051,1,1
BA039P,+390804934195,1,1
BA040P,+390803601941,2,2
BA041P,+39080632043,1,1
BA042P,+390803036017,1,1
BA043P,+390804673613,1,1
BA044P,+390805651429; +390805650361,2,2
BA045P,+390805616361,1,1
BA046P,+39080761126,1,1
BA047P,+390808721833,1,1
BA048P,+390804796898,1,1
BA049P,+390809921721,1,1
BA050P,+390803213303,1,1
BA051P,,1,0
BA052P,+390803742999,1,1
BA053P,+390805365766,1,1
BA054P,+390808416820,2,2
BA055P,+390804734331,1,1
BA056P,+39080629552,1,1
BA057P,+393479042916,1,1
BA058P,+393453300208,1,1
BA059P,+390803023426,1,1
BA060P,,1,0
BA061P,+390803105104,1,1
BA062P,+390803267721,1,1
BA063P,+390809376064,1,1
BA064P,+390805357653,1,1
BA065P,+390805566210,1,1
BA066P,+390808722770,1,1
BA067P,+390805618573,1,1
BA068P,+393208724403,1,1
BA069P,+393400819213,1,1
BA070P,+390803628028,1,1
BA071P,+390803146841,1,1
BA072P,+390805749357,1,1
BA073P,+393494013216,1,1
BA074P,,1,0
BA075P,+393406096785,1,1
BA076P,,1,0
BA077P,+390803430557,1,1
BA078P,+390805275951,1,1
BA079P,+39080634443; +390804622194; +390804321283,3,3
BA080P,+390804968359,1,1
BA081P,+390808987374,1,1
BA082P,+390809686496,1,1
BA083P,+390804038296,1,1
BA084P,+390809908029,1,1
BA085P,+393883265987,1,1
BA086P,+390808724907,1,1
BA087P,,1,0
BA088P,+390802022717,1,1
BA089P,+393451511548,1,1
BA090P,+390806190987,1,1
BA091P,+393209270172,1,1
BA092P,+3908055561750,1,1
BA093P,+3908056500737,1,1
BA094P,+393280550670,1,1
BA095P,+393497537642,1,1
BA096P,+390809379338; +390881743467; +39058421712,4,4
BA097P,+390805316161,1,1
BA098P,+390804688663,1,1
BA099P,+390808651440,1,1
BA100P,+390805306116,1,1
BA101P,+390802477106,1,1
BA102P,+390803745750,1,1
BA103P,+390803740166,1,1
BA104P,+390803026677,2,2
BA105P,+390805236636,1,1
BA106P,+390805648865; +39080568865,2,2
BA107P,+390805026453,1,1
BA108P,+390883621123,1,1
BA109P,+390883628372,1,1
BA110P,+390883541993,1,1
BA111P,+390883566602,1,1
BA112P,+390883564693,1,1
BA113P,,1,0
BA114P,+390883545042,1,1
BA115P,+390883542741,1,1
BA116P,+390883291407,1,1
BA117P,+390883596366,1,1
BA118P,+390883592593,1,1
BA119P,+390883527426,1,1
BA120P,+390883515444,1,1
BA121P,+390883521414,2,2
BA122P,+390803968027,1,1
BA123P,+390803958286,1,1
BA124P,+390883631033,1,1
BA125P,+390883662722,2,2
BA126P,+390883894672,1,1
BA127P,+390883693190,1,1
BA128P,+390883655135,1,1
BA129P,+390883681360,1,1
BA130P,+390883588071,1,1
BA131P,+390883348742,1,1
BA132P,+390883950421,1,1
BA133P,+390883544494,2,1
BA134P,+390883515556,1,1
BA135P,,1,0
BA136P,+390883599940,1,1
BA137P,+390883380009,1,1
BA138P,+393207171887,1,1
BA139P,,1,0
BA140P,+393483231592,1,1
BA141P,+390803991186,1,1
BA142P,+390803929241,1,1
BA143P,+390883542845,1,1
BA144P,+393285864748,1,1
BA145P,+393938939884,1,1
BA146P,+390883894672,1,1
BA147P,+390883536380,2,2
BG001P,+39035242486,2,2
BG002P,+390353888411,1,1
BG003P,+390350782017; +39031711354; +390341576314; +39039955065; +39039511206; +39039870618; +39022593344; +390249523832; +39022841946,23,22
BG004P,+39035250240,1,1
BG005P,+39035239083,1,1
BG006P,+39035254110,1,1
BG007P,+393456961763,1,1
BG008P,+39035242642,1,1
BG009P,+39035319442,1,1
BG010P,+39035234286,1,1
BG011P,+39035237854,1,1
BG012P,+39035222144,1,1
BG013P,+39035310500,1,1
BG014P,+39035314028,3,3
BG015P,+39035341458,1,1
BG016P,+390352652183,1,1
BG017P,+39035310542,1,1
BG018P,+39035933241,1,1
BG019P,+39035933346,1,1
BG020P,+39035581144,1,1
BG021P,+39035751482,1,1
BG022P,+39035751668,1,1
BG023P,+39035770637,1,1
BG024P,+39035751604,1,1
BG025P,+39035541490,1,1
BG026P,+39035641400,1,1
BG027P,+39035512022,1,1
BG028P,+390354945767,1,1
BG029P,+39035878246,1,1
BG030P,+39034633179,1,1
BG031P,+39035681285,1,1
BG032P,+393273929796,1,1
BG033P,+39035540374,1,1
BG034P,+39035822117,1,1
BG035P,+39035841253,1,1
BG036P,+39035806573,1,1
BG037P,+39035991528,1,1
BG038P,,1,0
BG039P,+39035991068,1,1
BG040P,+39035821193,1,1
BG041P,+39035968066,1,1
BG042P,+39035246267,1,1
BG043P,+39035906144,1,1
BG044P,+39035620176,1,1
BG045P,+39035801131,1,1
BG046P,+39034598102,1,1
BG047P,+390363814054,1,1
BG048P,+39035681528,1,1
BG049P,+390354429010,1,1
BG050P,+390363969335,2,2
BG051P,+39035791194,1,1
BG052P,+39029094829,1,1
BG053P,+39035863301,1,1
BG054P,+390290961190,1,1
BG055P,+39029091497,1,1
BG056P,+393519211281,1,1
BG057P,+39035300443,1,1
BG058P,+39035791149,1,1
BG059P,+39035810322,1,1
BG060P,+39035740196,1,1
BG061P,+390363381017,1,1
BG062P,+39035248289,1,1
BG063P,+39035732874,1,1
BG064P,+39035847181,1,1
BG065P,+390354498428,1,1
BG066P,+39035741157,1,1
BG067P,+39035956646,1,1
BG068P,+39035942376,1,1
BG069P,+390354940584,1,1
BG070P,+39035838693,1,1
BG071P,+39035781198,1,1
BG072P,+39035883124,1,1
BG073P,+39034631255,1,1
BG074P,+39036397056,1,1
BG075P,+39034621173,1,1
BG076P,+39034622080,1,1
BG077P,+39034654095,1,1
BG078P,+39035896178,1,1
BG079P,+39035595155,1,1
BG080P,+390363992142,1,1
BG081P,+39035681057,1,1
BG082P,+39035989122,1,1
BG083P,+39035970323,1,1
BG084P,+39035935030,1,1
BG085P,+39035610289,1,1
BG086P,+39035611628,1,1
BG087P,+39035561130,1,1
BG088P,+39035826127,1,1
BG089P,+39035941077,1,1
BG090P,+390363938331,1,1
BG091P,+39035993736,1,1
BG092P,+39034671257,1,1
BG093P,+39035711127,2,2
BG094P,+390363997880,1,1
BG095P,+39035745041,1,1
BG096P,+39035830250,1,1
BG097P,+39035810267,1,1
BG098P,+39035711408,1,1
BG099P,+39036392100,1,1
BG100P,+39035953754,1,1
BG101P,+39035525107,1,1
BG102P,+39034641069,1,1
BG103P,+39035830436,1,1
BG104P,+39035691073,1,1
BG105P,+39035731598,1,1
BG106P,+39035594368,1,1
BG107P,+39035960750,1,1
BG108P,+39035991488,1,1
BG109P,+39035908273,1,1
BG110P,+390363987512,2,2
BG111P,+39035901265,1,1
BG112P,+39035680015,1,1
BG113P,+39035844258,1,1
BG114P,+390363828181,1,1
BG115P,+39035612305,1,1
BG116P,+39035520838; +39035520398,2,2
BG117P,+39034595065,1,1
BG118P,+39035500046,1,1
BG119P,+39035881164,1,1
BG120P,+39035540489,1,1
BG121P,+39035701157,1,1
BG122P,,1,0
BG123P,+39035979120,1,1
BG124P,+39034585028,1,1
BG125P,+390354829102,1,1
BG126P,+39035701119,1,1
BG127P,+39035611446,1,1
BG128P,+39035610170,1,1
BG129P,+39035612070,1,1
BG130P,+39035574153,1,1
BG131P,+39035571385,1,1
BG132P,+39035795343,1,1
BG133P,+39036388240,1,1
BG134P,+39035767175,1,1
BG135P,+39035938075,1,1
BG136P,+39035702153,1,1
BG137P,+39035614438,1,1
BG138P,+393338081745,1,1
BG139P,+39035829071,1,1
BG140P,+39035967076,1,1
BG141P,+393887528293,1,1
BG142P,+390363910002,1,1
BG143P,+390363913452,1,1
BG144P,+39035645533,1,1
BG145P,,1,0
BG146P,+39034672027,1,1
BG147P,+39034543178,1,1
BG148P,+39035958866,1,1
BG149P,+39034520950; +393246180389,2,2
BG150P,+39035851144,1,1
BG151P,+39035851290,1,1
BG152P,+39035910522,1,1
BG153P,+39035661220,1,1
BG154P,+390354599151,1,1
BG155P,+39035661497,1,1
BG156P,+39035763111,1,1
BG157P,+39035295501,1,1
BG158P,+39035296100,1,1
BG159P,+39035297227,3,3
BG160P,+39035303889,1,1
BG161P,+39034556152,1,1
BG162P,+39035901116,1,1
BG163P,+39035571409,1,1
BG164P,+39035573390,1,1
BG165P,+39035571865,1,1
BG166P,+39035791294,1,1
BG167P,+39035877120,1,1
BG168P,+39035591050,1,1
BG169P,+39035862014,1,1
BG170P,+39035901174,1,1
BG171P,+39035830141,1,1
BG172P,+39035581512,1,1
BG173P,+39035940002,1,1
BG174P,+39036349338,1,1
BG175P,+39035691757,1,1
BG176P,+39035691136,1,1
BG177P,+39035690666,1,1
BG178P,+39034560470,1,1
BG179P,+39035891097,1,1
BG180P,+39035894349,1,1
BG181P,+39034644026,1,1
BG182P,+39035882346,1,1
BG183P,+39035872835,1,1
BG184P,+39035710796,1,1
BG185P,+39035936104,1,1
BG186P,+39035932782,1,1
BG187P,+39035792014,1,1
BG188P,+390354380214,3,3
BG189P,+39035542035,1,1
BG190P,+39035661260,1,1
BG191P,+39034621339,1,1
BG192P,+39035927375,1,1
BG193P,+39035928247,1,1
BG194P,+393714764778,1,1
BG195P,+39035940158,1,1
BG196P,+39035671107,1,1
BG197P,+39034591246,1,1
BG198P,+39034591560,1,1
BG199P,+39035640096,1,1
BG200P,+39035512175,1,1
BG201P,+39035530003,1,1
BG202P,+39036357294,1,1
BG203P,+39035562212,1,1
BG204P,+390354938007,1,1
BG205P,+39035814515,1,1
BG206P,+39035230250,7,7
BG207P,+39035361110,1,1
BG208P,+390363904747; +39030941036,6,6
BG209P,+39035785614,1,1
BG210P,+39035512381,4,4
BG211P,+3903631903631,2,2
BG212P,+393666351580,1,1
BG213P,+393298533280,1,1
BG214P,+390353886048,1,1
BG215P,+39035549888,2,2
BG216P,+390352279711,2,2
BG217P,+39035242642,2,2
BG218P,+39035250240,2,2
BG219P,+393456961763,1,1
BG220P,+39035516508,1,1
BG221P,+39035611235,1,1
BG222P,+390350072200,1,1
BG223P,+39036349035,5,5
BG224P,+39036349553,3,3
BG225P,+39035761088,2,2
BG226P,+390363350754,2,2
BG227P,+39035960147,1,1
BG228P,+390363313911,6,6
BG229P,+39035851126,2,2
BG230P,+390354360059,2,2
BG231P,+39035842404,5,5
BG232P,+39035527070,2,2
BG233P,+390356591406,3,3
BG234P,+39035711127,1,1
BG235P,+39035218500,6,6
BG236P,+39035259090,10,10
BG237P,+39034620406,1,1
BG238P,+39035401584,6,6
BG239P,+39035219292,7,5
BG240P,+39035218436,2,2
BG241P,+390290962586,2,2
BG242P,+39035247485,1,1
BG243P,+3903519965519,1,1
BI001P,+390152532015,1,1
BI002P,+390158133832,1,1
BI003P,+3901520419,1,1
BI004P,+39015561207,1,1
BI005P,+390152593073,1,1
BI006P,+393332876272,1,1
BI007P,+39016196157,1,1
BI008P,,1,0
BI009P,+39015741315,1,1
BI010P,+39015639021,1,1
BI011P,+3901561326,1,1
BI012P,+390161998259,1,1
BI013P,+393713141349,1,1
BI014P,+390152562200,1,1
BI015P,+390157387635,1,1
BI016P,+39015510523,1,1
BI017P,+39015510670,1,1
BI018P,+3901543152,1,1
BI019P,+39015882455,1,1
BI020P,+390158492549,1,1
BI021P,+393407965833,1,1
BI022P,+393401709577,1,1
BI023P,+3901521792,2,2
BI024P,+390154192939,1,1
BL001P,+39043762261,1,1
BL002P,+390437932040,1,1
BL003P,+390437925127,1,1
BL004P,+39043732022,1,1
BL005P,+390437944967,1,1
BL006P,+39043732663; +390437641387,2,2
BL007P,+39043730422,1,1
BL008P,+390437296206,1,1
BL009P,+390437296422,1,1
BL010P,+390437590316,1,1
BL011P,+393279222265,1,1
BL012P,+3904365656,1,1
BL013P,+390437454315,1,1
BL014P,+390439300074,1,1
BL015P,+390439302985,1,1
BL016P,+3904395054; +390497485330; +390415780067,4,4
BL017P,+390437967457,1,1
BL018P,+39043576114,1,1
BL019P,+390439300824,1,1
BL020P,+390437478047,1,1
BL021P,+39043799342,1,1
BL022P,+3904374250,1,1
BL023P,+3904371877230,1,1
BL024P,+390437858176,1,1
BL025P,+39043782317,1,1
BL026P,+39043749014,1,1
BL027P,+390435519250,1,1
BL028P,+393382645315,1,1
BL029P,+390435489302,1,1
BL030P,+390437751227,2,1
BL031P,+390437838470,1,1
BL032P,+3904392292,4,4
BL033P,+39043734815,2,2
BL034P,+39043727836,1,1
BL035P,,1,0
BL036P,+390437942474,2,2
BL037P,+39043727836,1,1
BN001P,+390824871245,1,1
BN002P,+390824872098,1,1
BN003P,+390824984018,1,1
BN004P,,1,0
BN005P,+3908241920447; +3908241770068,2,2
BN006P,+390824834282,1,1
BN007P,+390824362163,1,1
BN008P,+390823711028; +390775409007,3,2
BN009P,+390824311566,1,1
BN010P,+390824313287,1,1
BN011P,,1,0
BN012P,+390824310940,4,4
BN013P,+390824835686,1,1
BN014P,+390824360637,1,1
BN015P,+3908231542636,1,1
BN016P,+390823481307,1,1
BN017P,+393687103313,1,1
BN018P,+390824970310,1,1
BN019P,+390824978070,1,1
BN020P,+390824864141,1,1
BN021P,+390824973280,1,1
BN022P,+390824480052,1,1
BN023P,+390823711611,1,1
BN024P,+390824832482,1,1
BN025P,+390824983856,1,1
BN026P,+390824968288,1,1
BN027P,+390824314291,1,1
BN028P,+390824941110; +3908231833989,4,2
BN029P,+3908241503654,2,2
BN030P,,2,0
BN031P,,1,0
BN032P,+390823719079,1,1
BN033P,,1,0
BN034P,+390824834153,3,3
BN035P,+390824279323,2,1
BN036P,,2,0
BO001P,+39051884052,1,1
BO002P,+39053422148,1,1
BO003P,+39051460237; +390516233237; +390516270716,7,7
BO004P,+39054223394,1,1
BO005P,+393489017293,3,3
BO006P,+39051801341,1,1
BO007P,+39054224253; +39054255007; +39054276135; +39054240773; +39054241144; +39054222550; +39054242374,7,7
BO008P,+39051831412,1,1
BO009P,+39051960683,1,1
BO010P,+39051911878,1,1
BO011P,+390516010017,1,1
BO012P,+390516828354; +390516949370; +390513512751; +39051826738; +390516491560; +390516831390,14,12
BO013P,+39051572208,1,1
BO014P,+39051788694; +390516060020,2,2
BO015P,+39054244212,1,1
BO016P,+39051892005,1,1
BO017P,+39054251197,1,1
BO018P,+390513168111,1,1
BO019P,+39051851516,1,1
BO020P,+39051853266,1,1
BO021P,+39051722970,1,1
BO022P,+39051723201,1,1
BO023P,+39051802479,1,1
BO024P,+390519841963,1,1
BO025P,+39051495614; +39051494966; +390512199826; +39051353224; +390512199729; +390512199781; +390512199804; +390512199701; +390512199713; +39051580689; +39051583788; +39051332786; +39051585640; +39051330349; +390512199769; +390512199735; +390512199760; +390512199832; +39051435323; +390512199827; +39051702595; +390512199734; +39051705424; +390512199793; +39051310443; +390512199763; +390512199784; +390512199774; +39051363952; +390512199703; +390512199801; +39051546100; +390512199785; +390516145314; +390512199780; +39051330251; +390516341170; +390516343212; +390512199708; +390512199815; +390512199782; +390512199738; +390512199805; +390512199813; +390512199822; +39051311410; +390512199724; +39051237763; +390512199725; +390512199821; +390512199761; +39051561664; +39051404227; +390512199756; +39051400807; +39051464399; +390516233434; +39051556403; +390512199719; +390512199733; +390512199721; +390512199820; +390512199809,64,63
BO026P,+39051226427,1,1
BO027P,+393275290449,1,1
BO028P,+39051400227,2,2
BO029P,+390516004183; +390516061102,2,2
BO030P,+39051944590,2,2
BO031P,+39051581430; +39051581344,2,2
BO032P,+39051702140,1,1
BO033P,+39051582202,4,4
BO034P,+390516142436,2,2
BO035P,+39051437225; +390516142481,2,2
BO036P,+39051878150,1,1
BO037P,+39051356977,3,3
BO038P,+39051713653,1,1
BO039P,+390515875882,1,1
BO040P,+39051812337,1,1
BO041P,+390518904805,2,2
BO042P,+39051811206,1,1
BO043P,+393891725778,1,1
BO044P,+39051949096,1,1
BO045P,+39054220415,1,1
BO046P,+39054251528,1,1
BO047P,+39051712745,1,1
BO048P,+39051892309,1,1
BO049P,+39051862679,1,1
BO050P,+39051775813,1,1
BO051P,+39051871308,1,1
BO052P,+390516345727,1,1
BO053P,+39051791331,1,1
BO054P,+39051387624; +39051306904; +39051344180,3,3
BO055P,+39054253780,1,1
BO056P,+39054243718,3,3
BO057P,+39051846449,1,1
BO058P,+39051821177,1,1
BO059P,+39051950134,1,1
BO060P,+390516824103,1,1
BO061P,+39051822851,1,1
BO062P,+39051343753,1,1
BO063P,+39051750105,2,2
BO064P,+39051540377,1,1
BO065P,+39051470331; +39051440109,4,3
BO066P,+393286040700,1,1
BO067P,+39054291144,1,1
BO068P,+39054295887,1,1
BO069P,+393758075576,1,1
BO070P,+390516491372,3,3
BO071P,+39051981167,1,1
BO072P,+390516415398,2,2
BO073P,+39051461068; +390516203736,3,3
BO074P,+393389305513,1,1
BO075P,+39051430001,1,1
BO076P,+39051525231; +390516347314; +390517173672,4,3
BO077P,+390516441211,1,1
BO078P,+393351380271,1,1
BO079P,+393332957717,2,2
BO080P,+390513399506,1,1
BO081P,+39051532484,1,1
BO082P,+390516449552,4,4
BO083P,+390516493592,1,1
BO084P,+390516370201,1,1
BO085P,+393920060263,1,1
BO086P,+39053451085,1,1
BO087P,+393398794991,1,1
BO088P,+39051810126,1,1
BO089P,+390514151711,5,5
BO090P,+390510923245,1,1
BO091P,+39051225805,5,5
BO092P,+39051379998,1,1
BO093P,+390513178199,2,1
BR001P,+390831523135,1,1
BR002P,+390831671179,2,2
BR003P,+390831634796,1,1
BR004P,+390831841592,1,1
BR005P,,1,0
BR006P,+390831413746,2,2
BR007P,+390831849796,1,1
BR008P,+390831377005,1,1
BR009P,+390831767931,1,1
BR010P,+390831617147,1,1
BR011P,+393473856469,1,1
BR012P,+390831776344,1,1
BR013P,+390831737342,1,1
BR014P,+390831518924,1,1
BR015P,+3934608769489,1,1
BR016P,+3908311623353,1,1
BR017P,+393277996433,1,1
BR018P,+390831517319,1,1
BS001P,+390302427177,1,1
BS002P,+390303533312,1,1
BS003P,+390303544045,1,1
BS004P,+390302422737,1,1
BS005P,+390303533321,1,1
BS006P,+390303366802,1,1
BS007P,+390302886511,4,4
BS008P,+39030363142,1,1
BS009P,+390302906569,1,1
BS010P,+39030360192,1,1
BS011P,+390303366800,1,1
BS012P,+390303366803,1,1
BS013P,+390302427178,1,1
BS014P,+390303533316,1,1
BS015P,+3903046292; +390309747315; +39030660225; +390308912255; +39030956169; +390362621617; +390362621649; +39040573118; +39043245137,12,11
BS016P,+39030221325,2,2
BS017P,+39030310497,1,1
BS018P,+390303733479,1,1
BS019P,+390302306938,1,1
BS020P,+390302306939,1,1
BS021P,+390303384564,1,1
BS022P,+390302009425,1,1
BS023P,+39030304875,1,1
BS024P,+390302008915,1,1
BS025P,+390302004005,3,3
BS026P,+390302009428,1,1
BS027P,+390302009427,1,1
BS028P,+390303384563,1,1
BS029P,+390305787640,1,1
BS030P,+39030313495,1,1
BS031P,+39030312628,1,1
BS032P,+390303732229,1,1
BS033P,+390303540152,1,1
BS034P,+390303540152,1,1
BS035P,+390303772551,3,3
BS036P,+390303775000,1,1
BS037P,+390307356358,1,1
BS038P,+390307267133,1,1
BS039P,+390307268475,1,1
BS040P,+390307267224,1,1
BS041P,+390365896169,1,1
BS042P,+39036585007,1,1
BS043P,,1,0
BS044P,+390365897715,1,1
BS045P,,1,0
BS046P,+390365824483,1,1
BS047P,+390364591639,1,1
BS048P,+390364591520,1,1
BS049P,+39030620097,1,1
BS050P,+390365903261,1,1
BS051P,+390365990190,1,1
BS052P,+39030674025,1,1
BS053P,+39030948281,1,1
BS054P,+39030948571,1,1
BS055P,,1,0
BS056P,+390309970300,1,1
BS057P,+39030933012,1,1
BS058P,+39030948614,1,1
BS059P,+390302702876,1,1
BS060P,+39030266156,1,1
BS061P,+390364310423,1,1
BS062P,+390302199885,1,1
BS063P,+390302691331,1,1
BS064P,+39030926149,1,1
BS065P,+39030927393,1,1
BS066P,+390302711678,1,1
BS067P,+39036421357,1,1
BS068P,+390309969813,1,1
BS069P,+390309636194,1,1
BS070P,+390309686877,1,1
BS071P,+39030736024,1,1
BS072P,+39393757813759,1,1
BS073P,+39036442012,1,1
BS074P,+39036448008,1,1
BS075P,+390302452016; +39026705846; +393755861827,3,3
BS076P,+390309967923,1,1
BS077P,+39030969131,1,1
BS078P,+390302721339,1,1
BS079P,+390302500391,1,1
BS080P,+390302731637,1,1
BS081P,+39030714018,1,1
BS082P,+39030718296,1,1
BS083P,,1,0
BS084P,+390307730055,1,1
BS085P,+39030725267,1,1
BS086P,+39030725059,1,1
BS087P,+39030711129,1,1
BS088P,+393713346430,1,1
BS089P,+39030715084; +39029253302; +39065110343,6,6
BS090P,+390307721562,1,1
BS091P,+390304191833,1,1
BS092P,+39030983195,1,1
BS093P,+39030984414,1,1
BS094P,+390309826309,1,1
BS095P,+390364531189,1,1
BS096P,+390364532932,1,1
BS097P,+390364531169,1,1
BS098P,+390364532308,1,1
BS099P,+390364538820,1,1
BS100P,+390364532421,1,1
BS101P,+390364531095,1,1
BS102P,+390364531180,1,1
BS103P,+393920482794,1,1
BS104P,+390364548709,1,1
BS105P,+390309718138,1,1
BS106P,+390309770941,1,1
BS107P,+393274722615,1,1
BS108P,+39030975425,1,1
BS109P,+390309141486,2,2
BS110P,+390309141055,1,1
BS111P,+39030919042,1,1
BS112P,+390309918082,1,1
BS113P,+39030919062,1,1
BS114P,+390309380278,1,1
BS115P,+390309976345,1,1
BS116P,+390309935112,1,1
BS117P,+39030861281,1,1
BS118P,+393505668200,1,1
BS119P,+39030861110,1,1
BS120P,+39030920172,1,1
BS121P,+393757403551,1,1
BS122P,+39030987182,1,1
BS123P,+39030985168,1,1
BS124P,+390309870913,1,1
BS125P,+390309825229,1,1
BS126P,+390302620181,1,1
BS127P,+39030691196,1,1
BS128P,+393392946370,1,1
BS129P,+39030961437,1,1
BS130P,+39030964108,1,1
BS131P,+39030964692,1,1
BS132P,+390309650341,1,1
BS133P,+393770855149,1,1
BS134P,+390306830049,1,1
BS135P,+393772876064,1,1
BS136P,+393661924557,1,1
BS137P,+390302530997,1,1
BS138P,+39030652286,1,1
BS139P,+39030652335,1,1
BS140P,+39036440117,1,1
BS141P,+39030941412; +39037485463,3,3
BS142P,+390307281021,1,1
BS143P,+390309747640,1,1
BS144P,+390302640179,1,1
BS145P,+390309962685,1,1
BS146P,+390309175269,1,1
BS147P,+390309465187,1,1
BS148P,,1,0
BS149P,+390307401012,3,3
BS150P,+39030738113,1,1
BS151P,+39030653245,1,1
BS152P,+390306857594,1,1
BS153P,,1,0
BS154P,+39030653116,1,1
BS155P,+3903641770473,1,1
BS156P,+39036489031,1,1
BS157P,+39036491336,1,1
BS158P,+393661005508,1,1
BS159P,+39036531231,1,1
BS160P,+39036531925,1,1
BS161P,+390306910175,1,1
BS162P,+390302780107,1,1
BS163P,+390302610130,1,1
BS164P,+390307721431,3,3
BS165P,+390307721107,1,1
BS166P,+390307721963,1,1
BS167P,+390302389605,1,1
BS168P,+390307722445,1,1
BS169P,+39030716177,1,1
BS170P,+39030717174,1,1
BS171P,+390307091169,1,1
BS172P,+390307090142,1,1
BS173P,+390365521110,2,2
BS174P,+39036541500,1,1
BS175P,+390365641095,1,1
BS176P,+390365642569,1,1
BS177P,+390365641339,1,1
BS178P,+39036521081,1,1
BS179P,+39030801533,1,1
BS180P,+390307999119,1,1
BS181P,+390309955149,1,1
BS182P,+39030832878,1,1
BS183P,+39030660357,1,1
BS184P,+390302650217,1,1
BS185P,+393515742825,1,1
BS186P,+390309977038,1,1
BS187P,+390309977070,1,1
BS188P,+39030978171,1,1
BS189P,+39030978420,1,1
BS190P,+39030931206,1,1
BS191P,+39036561206,1,1
BS192P,+390365598038,1,1
BS193P,+3903651870042,1,1
BS194P,+390302530830,1,1
BS195P,+39036571442,1,1
BS196P,+39036531108; +39036531190,3,3
BS197P,+39036531353,1,1
BS198P,+39036534823,1,1
BS199P,+39036534561,1,1
BS200P,+390309033195,1,1
BS201P,+39030951162,1,1
BS202P,+39030950222,1,1
BS203P,+39030959180,1,1
BS204P,,1,0
BS205P,+390302523607; +390302770701,3,3
BS206P,+39030980295,1,1
BS207P,+39035910363,1,1
BS208P,+390309105150,1,1
BS209P,+390309130170,5,5
BS210P,+39030871248,1,1
BS211P,+39030871284,1,1
BS212P,,1,0
BS213P,+39030826272,1,1
BS214P,+39030826125,1,1
BS215P,+390365551288,1,1
BS216P,+39036562517,1,1
BS217P,+390365674067,1,1
BS218P,+390365502333,1,1
BS219P,+390309907216,1,1
BS220P,+390303775005,1,1
BS221P,+390364311277,1,1
BS222P,+39036588216,1,1
BS223P,+39036571295,1,1
BS224P,+393389856931,1,1
BS225P,+390302530010,1,1
BS226P,+39030674375,1,1
BS227P,+390365370067,1,1
BS228P,+390306810980,1,1
BS229P,+390306897208,1,1
BS230P,,1,0
BS231P,+390364330627,1,1
BS232P,+39030872604,1,1
BS233P,,1,0
BS234P,+39036440063,1,1
BS235P,+390302306871,3,3
BS236P,+390309636534,1,1
BS237P,+390308089232,1,1
BS238P,+39030920914,1,1
BS239P,+393206875036,1,1
BS240P,+390309906671,1,1
BS241P,+39030225537,1,1
BS242P,+39030603089; +390396796316,2,2
BS243P,+393345998874,1,1
BS244P,+390307450863,1,1
BS245P,+390302170023,1,1
BS246P,+390302511684; +39030322280,2,2
BS247P,+3903045071,1,1
BS248P,+390307821690; +39037821690,4,3
BS249P,+390303553781; +390521600150; +390521600611; +390522924252; +390113248138,15,15
BS250P,+3903042432,3,3
BS251P,+390303754486,2,2
BS252P,+39030674000,1,1
BS253P,+390309658920,2,2
BS254P,+390309306180,1,1
BS255P,+39030610113,1,1
BS256P,+390307357307,5,5
BS257P,+390307006811,4,4
BS258P,+39036445294,1,1
BS259P,+39030801898,2,2
BS260P,+390302691141,2,2
BS261P,+390308371346,1,1
BS262P,+390307285579,1,1
BS263P,+390309141743,3,3
BS264P,+39036540039,4,4
BS265P,+39030244050,3,3
BS266P,+39030957113,2,2
BS267P,+39030320933,1,1
BS268P,+390303757998,3,3
BS269P,+39030390924,1,1
BS270P,+390303762798,2,2
BS271P,+3903029753,3,3
BS272P,+39030320933,1,1
BS273P,+39030221086,3,3
BS274P,+390303774081,4,3
BS275P,+390302301773,3,3
BS276P,+390302421415,2,2
BS277P,+390303770554,3,3
CA001P,+39070941513; +39070738115; +39070281958; +39070720031; +39070740917; +39070216016; +39070830018; +39070840945; +39070740896; +39070284998; +39070830165,11,11
CA002P,+39070941313,1,1
CA003P,+39070504658,2,2
CA004P,+390703098877; +39070821369,3,3
CA005P,+39070496736,1,1
CA006P,+390706776400; +39070677640,5,5
CA007P,+3907042563,1,1
CA008P,+39070291817,1,1
CA009P,+39070488201; +39070658653,5,5
CA010P,+39070403350,2,2
CA011P,+39070340664,1,1
CA012P,+39070664610,2,2
CA013P,+39070487823; +390702310015,2,2
CA014P,+390706712012; +39070825327; +390707576437; +390708580095; +390707346321; +39078554068; +39078921313; +39079349533; +39079243092; +390703423716; +390789736102,13,13
CA015P,+39070492740,2,2
CA016P,+39070662641,2,2
CA017P,+39070720032,1,1
CA018P,+39070721806,1,1
CA019P,+39070560238,1,1
CA020P,+39070573863; +390709307082,3,3
CA021P,+39070573107,3,3
CA022P,+393487106651,1,1
CA023P,+39070824967,1,1
CA024P,+39070831149,1,1
CA025P,+39070824033,1,1
CA026P,+39070842877,1,1
CA027P,+39070532218,1,1
CA028P,+39070781653,1,1
CA029P,+39070505219,1,1
CA030P,+390702085017,2,2
CA031P,+39070810246,1,1
CA032P,+39070523434,1,1
CA033P,+39070766210,1,1
CA034P,+390702310273,1,1
CA035P,+390702135156,1,1
CA036P,+390708940517; +393495787132,2,2
CA037P,+39070650995,3,3
CA038P,+39070823126,1,1
CA039P,+39070969719,1,1
CA040P,+393928892660,1,1
CA041P,+393290646155,1,1
CA042P,,1,0
CA043P,+393701224882,1,1
CA044P,+39070781525,1,1
CA045P,+390706848551; +390707738269,3,3
CA046P,,1,0
CA047P,+393388620986,1,1
CA048P,+393314211252,1,1
CA049P,+390708675041,1,1
CA050P,+390704644935,1,1
CA051P,+390702776139,2,2
CA052P,+390707274147,1,1
CA053P,,1,0
CA054P,+39070301457,1,1
CB001P,+390874773329,1,1
CB002P,+390874728262,1,1
CB003P,+39087479320,1,1
CB004P,+390874716652,1,1
CB005P,+390875706758,1,1
CB006P,+39087462041,1,1
CB007P,+390874413219,1,1
CB008P,+39087461129,1,1
CB009P,+39087492122,1,1
CB010P,,1,0
CB011P,+39087439164,1,1
CB012P,+390874311456,2,2
CB013P,+390874822325,1,1
CB014P,+39087557140,1,1
CB015P,+39087492788,1,1
CB016P,+390874817124,1,1
CB017P,+393342156908,1,1
CB018P,+390875880740,1,1
CB019P,+393463701278,1,1
CB020P,+390875880549,1,1
CB021P,+390875705613,1,1
CE001P,+390823869004,2,2
CE002P,+390823316259,1,1
CE003P,+390810148435; +3908118133079,2,2
CE004P,+390818163190,2,2
CE005P,+393385666298,1,1
CE006P,+390818925837,2,2
CE007P,+390823845524,2,2
CE008P,+390823842003,2,2
CE009P,+390818141395,1,1
CE010P,+393332170704,1,1
CE011P,+390815022613,2,1
CE012P,+390815012107,2,2
CE013P,+390815013817,2,2
CE014P,+390815011841,2,2
CE015P,+390818903322,2,2
CE016P,+390823843402,1,1
CE017P,+390815031537,2,2
CE018P,+390818112061,2,2
CE019P,+3908118174567,2,2
CE020P,+390815044880,2,2
CE021P,+390818901936,1,1
CE022P,+390818907746,2,2
CE023P,+390823830456,2,2
CE024P,+390818131527,1,1
CE025P,+390818163422,1,1
CE026P,+390815016393; +390815033655,2,2
CE027P,+390823325085,2,2
CE028P,+3908231848754,2,2
CE029P,+390823343671,1,1
CE030P,+390823851238,2,2
CE031P,+390815095698,2,2
CE032P,+390818112211,1,1
CE033P,+390818113025; +390813932531,2,2
CE034P,+390815039005,1,1
CE035P,+390818921073,2,2
CE036P,+390818122751; +390818121751,2,2
CE037P,+390815036734,1,1
CE038P,+393270471676,1,1
CE039P,+390823201469,1,1
CE040P,+393453392280,1,1
CE041P,+390823403403,1,1
CE042P,+390823874114,2,1
CE043P,+390823839120,1,1
CE044P,+390823824893,1,1
CE045P,+390818125003,2,2
CE046P,+390823785181,1,1
CE047P,+390818210525,1,1
CE048P,+393420881115,1,1
CE049P,+390823450531,2,2
CE050P,+390823468337,1,1
CE051P,+3908231304697,2,2
CE052P,+390823841283,1,1
CE053P,+390823844579,1,1
CE054P,+390823846305,1,1
CE055P,+390823701051; +390771608179,2,2
CE056P,+393315603901,1,1
CE057P,+390823809920,1,1
CE058P,+390818909102,1,1
CE059P,+390818164987,2,2
CE060P,+390823896755,1,1
CE061P,+390818119591,1,1
CE062P,+390823322276,2,2
CE063P,+390818130883,2,2
CE064P,+3908231556580,1,1
CE065P,+390823933221,1,1
CE066P,,2,0
CE067P,+390823344448,1,1
CE068P,,1,0
CE069P,+390823823380,2,2
CE070P,+390823827362,1,1
CE071P,+390823827274,1,1
CE072P,+390823832686,1,1
CE073P,+390823825812,1,1
CE074P,+390815023543,1,1
CE075P,+390823879014,1,1
CE076P,+390818163350,2,2
CE077P,+390823798781,1,1
CE078P,+390823844914,1,1
CE079P,+390816339721,1,1
CE080P,+390818920350,1,1
CE081P,+390823961671,1,1
CE082P,+390823342506,1,1
CE083P,+3908231704575,1,1
CE084P,+390818130096,3,2
CE085P,+390823755654,1,1
CE086P,+390818113108,2,2
CE087P,+390823831217,1,1
CE088P,+390823555726,1,1
CE089P,+393490896689,1,1
CE090P,+393355967439,1,1
CE091P,+390815029192,1,1
CE092P,+390823840509,1,1
CE093P,+393342675163,1,1
CE094P,+393387637003,1,1
CE095P,+390823378938,1,1
CE096P,+390815021651,1,1
CE097P,+390823987083,1,1
CE098P,+390823809242,1,1
CE099P,+393333598302,1,1
CE100P,+390818923603,2,2
CE101P,+390818161001,1,1
CE102P,+390823961063,2,2
CE103P,+390823494462,1,1
CE104P,+393388270188,1,1
CE105P,+393497350382,1,1
CE106P,+390823312291,1,1
CE107P,,1,0
CE108P,+390823896135,2,2
CE109P,+390823493513,1,1
CE110P,+390818144702,1,1
CE111P,+390823759086,1,1
CE112P,+390818144662,2,2
CE113P,+390813628145,1,1
CE114P,+3908118576350,1,1
CE115P,+390818162080,1,1
CE116P,+393287352141,1,1
CE117P,+390823796984,1,1
CE118P,+390823697555,1,1
CE119P,+3908231543141,1,1
CE120P,+390823884924,1,1
CE121P,+390823680313,1,1
CE122P,+390823794095,1,1
CE123P,+390823756306,1,1
CE124P,+390823865028,1,1
CE125P,+390813628700,1,1
CE126P,+390818141385,1,1
CE127P,+3908119169134,2,2
CE128P,+390823709145; +390817571335; +390817580273,5,5
CE129P,+390818118539,1,1
CE130P,+390823939195,1,1
CE131P,+3908231680733,1,1
CE132P,+3908231556781,1,1
CE133P,+393286533590,1,1
CE134P,+390823443894,1,1
CE135P,+390823423111,1,1
CE136P,+390818908837,1,1
CE137P,+390818122338,1,1
CE138P,+390815028013,1,1
CE139P,+390823406101,1,1
CE140P,,1,0
CE141P,+390823457373,1,1
CE142P,+390812159574,1,1
CE143P,,1,0
CE144P,+393501723817,1,1
CE145P,+390818161740,1,1
CE146P,+390823657945,1,1
CE147P,+390813628069,1,1
CE148P,+390823693088,1,1
CE149P,+390823465710,1,1
CE150P,+393881867626,1,1
CE151P,+390815021360,1,1
CE152P,+390818140636,1,1
CE153P,+3908231543077,1,1
CE154P,+390823755592,1,1
CE155P,+390818906384,2,2
CE156P,+393333360243,1,1
CE157P,+390823966228,1,1
CE158P,+390823879007,1,1
CE159P,+390823960893,2,2
CE160P,+390823466390,2,2
CE161P,+390818118551,2,2
CE162P,,1,0
CE163P,+390823964430,1,1
CE164P,+390818131436,1,1
CE165P,+390823849855,1,1
CE166P,+390818316076,1,1
CE167P,+3908231874120,1,1
CE168P,+393341018855,1,1
CE169P,+390818928119,1,1
CE170P,+390823918246,1,1
CE171P,+390815041059,1,1
CE172P,+390815028874,1,1
CE173P,,1,0
CE174P,,1,0
CE175P,+390823457304,1,1
CE176P,+390815034064,1,1
CE177P,+390823458610,1,1
CE178P,+390823991140,1,1
CE179P,+390823526824,1,1
CE180P,+390815095925,2,2
CE181P,,1,0
CE182P,+390823261006; +390823261009,5,3
CE183P,+390818909885,1,1
CE184P,,1,0
CE185P,+390818165295; +390818923311,2,2
CE186P,+390818146667,1,1
CE187P,,1,0
CE188P,+390823622281,1,1
CE189P,,1,0
CE190P,+39393337684686,1,1
CE191P,+390823468376,1,1
CE192P,+390818435216,1,1
CE193P,,1,0
CE194P,+3908231455357,1,1
CE195P,+393922853070,2,2
CE196P,+390823751400,1,1
CE197P,+390823965757; +3908231875968,2,2
CE198P,,1,0
CE199P,+390818124680,1,1
CE200P,+3908231760786,1,1
CE201P,,1,0
CE202P,+3908119013597,1,1
CE203P,+390823988832,1,1
CE204P,+390815014007,1,1
CE205P,+390823697638,1,1
CE206P,+390823651735,1,1
CE207P,+390818121152,1,1
CE208P,+390823871055,1,1
CE209P,+393420702588,1,1
CE210P,+390823344611,1,1
CE211P,,1,0
CE212P,,1,0
CE213P,,1,0
CE214P,+390818169083,1,1
CE215P,+390823842727,1,1
CE216P,+393397131595,1,1
CE217P,,1,0
CE218P,+393474998630,1,1
CE219P,+390823831524,1,1
CE220P,+390815044542,1,1
CE221P,+390823341398,1,1
CE222P,+390823840401,2,1
CE223P,+390818145642,1,1
CE224P,+390818906384,1,1
CE225P,+390823840667,1,1
CE226P,,1,0
CE227P,+390813416515,2,2
CE228P,,1,0
CE229P,+390823783299,1,1
CE230P,+390818124680,1,1
CE231P,+390815030150,1,1
CE232P,+390823846305,1,1
CE233P,+390823215716,5,4
CE234P,+390823898177,5,3
CE235P,+390815016284,1,1
CE236P,,4,0
CE237P,+390818908297,3,2
CE238P,,3,0
CE239P,+390823990552,3,3
CE240P,+390823844436,1,1
CE241P,+3908231296077,1,1
CE242P,,2,0
CE243P,+390823778869,3,1
CE244P,+390823796788,1,1
CE245P,,2,0
CE246P,+390818164424,1,1
CE247P,+3908231553995,3,2
CE248P,,2,0
CE249P,+390823795752,1,1
CE250P,+390815095112,1,1
CE251P,+3908231300223,2,2
CE252P,+3908231463514,2,2
CH001P,+390872985541,1,1
CH002P,+390872850165,1,1
CH003P,+390872860238,1,1
CH004P,+390871381135,1,1
CH005P,+390872632176,1,1
CH006P,+390871346746,1,1
CH007P,+390873498108,1,1
CH008P,+390873317574,1,1
CH009P,+390872980137,1,1
CH010P,+39085817155,1,1
CH011P,+39085817580,1,1
CH012P,+390854917139,1,1
CH013P,+390859063526; +390873380141; +859063526,4,4
CH014P,+390873900317; +390733638309,2,2
CH015P,+393476075689,1,1
CH016P,+393939676780,1,1
CH017P,+390873363628,1,1
CH018P,+390873921907,1,1
CH019P,+390873548308,1,1
CH020P,+393473112499,1,1
CH021P,+393391517075,1,1
CH022P,+390872808093,1,1
CH023P,+393336877715,1,1
CH024P,+390873362341,1,1
CH025P,+393284836322,1,1
CH026P,+393208427881,1,1
CH027P,+390873443280,1,1
CH028P,+39087184394,1,1
CH029P,+390872700030,1,1
CH030P,+393491210441,1,1
CH031P,+393289719508,1,1
CH032P,+393318668643,4,4
CH033P,+39085817618; +3908551288,9,9
CH034P,+390873370565,1,1
CL001P,+390934592955,1,1
CL002P,+390934815000,1,1
CL003P,+390934951244,1,1
CL004P,+390934951422,1,1
CL005P,+390934584388,2,2
CL006P,+390934928123,2,2
CL007P,+393895052002,1,1
CL008P,+390933339904,2,2
CL009P,+390933938158; +393290433711,2,2
CL010P,+3909341931111,1,1
CL011P,+390922820319,1,1
CL012P,+393471026914,1,1
CL013P,+390934551294,1,1
CL014P,+390934588752,2,2
CL015P,+390933951008,1,1
CL016P,+393291762816,1,1
CL017P,+390933820116,1,1
CL018P,+393881809886,1,1
CL019P,,1,0
CL020P,+390935500921,2,2
CL021P,+390934922053,1,1
CL022P,,1,0
CL023P,+393349124500,1,1
CN001P,,1,0
CN002P,+390173440466,1,1
CN003P,+390173440912,1,1
CN004P,+393245858022,1,1
CN005P,+39017185123,1,1
CN006P,+390171380189,1,1
CN007P,+390171380351,1,1
CN008P,+390171387766,1,1
CN009P,+390172413710,1,1
CN010P,+390172412454; +39017200412454,2,2
CN011P,+390171937081,1,1
CN012P,+390171945459,1,1
CN013P,+390173979107,1,1
CN014P,+390171619133,1,1
CN015P,,1,0
CN016P,+390172381774,1,1
CN017P,+390172381321,1,1
CN018P,+390171719570,1,1
CN019P,+390171719203,1,1
CN020P,+39017185046,1,1
CN021P,+390172474300,1,1
CN022P,+390172495486,1,1
CN023P,+390171693535,1,1
CN024P,+390171692227,4,3
CN025P,+390171692437,1,1
CN026P,+3901711644975,1,1
CN027P,+390171401789,1,1
CN028P,+390171346356,1,1
CN029P,+390171491256,1,1
CN030P,+390171401726,1,1
CN031P,+390171412794,1,1
CN032P,+390171689151,1,1
CN033P,+390171682697,1,1
CN034P,+390171325839,1,1
CN035P,+390171911024,1,1
CN036P,+390172641088,1,1
CN037P,+390172643151,1,1
CN038P,+390172693929,1,1
CN039P,+39017481498,1,1
CN040P,+39017268326,1,1
CN041P,+39017572196,1,1
CN042P,+39350590823,1,1
CN043P,+39017192280,1,1
CN044P,+39017586130,1,1
CN045P,+390172742001,1,1
CN046P,+393384627128; +390103778031,2,2
CN047P,+39017440819; +39017442701,2,2
CN048P,+390174686398,1,1
CN049P,+393313265518,1,1
CN050P,+39017377139,1,1
CN051P,+39017579414,1,1
CN052P,+390171339449,1,1
CN053P,+390174585174,1,1
CN054P,+393477375896,1,1
CN055P,+39017285063,1,1
CN056P,+390175275913,1,1
CN057P,+393339854509,1,1
CN058P,+39017541872,1,1
CN059P,,1,0
CN060P,+39017542157,1,1
CN061P,+390171900105,1,1
CN062P,+390175948343,1,1
CN063P,+393333659605,1,1
CN064P,+390172377367,1,1
CN065P,+390172374423,1,1
CN066P,+390172712388,1,1
CN067P,+39017574107,1,1
CN068P,+39017296009,1,1
CN069P,+390171920175,1,1
CN070P,+39017585502,1,1
CN071P,+393342278475,1,1
CN072P,+393285910987,1,1
CN073P,+39017358167,1,1
CN074P,+393401938301,1,1
CN075P,+39017541203,1,1
CN076P,+390174699288,1,1
CN077P,+39017262544,1,1
CN078P,+390173281107,2,2
CN079P,+3901724171111,1,1
CN080P,+3901741968068,1,1
CO001P,+39031807187,1,1
CO002P,+390317184471,1,1
CO003P,+39031699528,1,1
CO004P,+39031621331,1,1
CO005P,+39031730558,1,1
CO006P,+39031900093,1,1
CO007P,+39034471298,1,1
CO008P,+39034485413,1,1
CO009P,+39031903266,1,1
CO010P,+39031900289,1,1
CO011P,+39031940475,1,1
CO012P,+39034481325,1,1
CO013P,+39031520065,1,1
CO014P,+39031746144,1,1
CO015P,+39031681755,1,1
CO016P,+39031790690,1,1
CO017P,+390296342949,1,1
CO018P,+390296750538,1,1
CO019P,+39031630352,1,1
CO020P,+39031807660,1,1
CO021P,+39031948539,1,1
CO022P,+39031619147,1,1
CO023P,+39031930394,1,1
CO024P,+39031419588,1,1
CO025P,,1,0
CO026P,+39031766063,1,1
CO027P,+39031780374,1,1
CO028P,+39031903800,1,1
CO029P,+39031711837,1,1
CO030P,+390315620181,1,1
CO031P,+39031927469,1,1
CO032P,+39031470370,1,1
CO033P,+39031927432,1,1
CO034P,+393394806169,1,1
CO035P,+39031480243,1,1
CO036P,+39031563981,1,1
CO037P,+39031607538,1,1
CO038P,+390331830632,1,1
CO039P,,1,0
CO040P,+39031950004,1,1
CO041P,+393312897994,1,1
CO042P,+39031520360,3,3
CO043P,+39031440424,1,1
CO044P,+390331830301,1,1
CO045P,+39031607216,1,1
CO046P,+39031714091,1,1
CO047P,+39031771712,1,1
CO048P,+39031930674,1,1
CO049P,+39031935247,1,1
CO050P,+39031512130,1,1
CO051P,+39031400373,1,1
CO052P,+39031490792,1,1
CO053P,+39031628183,1,1
CO054P,+39031280337,1,1
CO055P,+39031521150,1,1
CO056P,+39031797160,1,1
CO057P,+39031731188,1,1
CO058P,+39031265365,6,6
CO059P,+39031542390,1,1
CO060P,+39031976959,1,1
CO061P,+39031941529,1,1
CO062P,+39031771579,1,1
CO063P,+39031806191,1,1
CO064P,+39031712533,1,1
CO065P,,1,0
CO066P,+39031260454,3,3
CO067P,+39031935807,1,1
CO068P,+390331830100,1,1
CO069P,+39031935177,1,1
CO070P,+39034432442,1,1
CO071P,+39031819594,1,1
CO072P,+39031802101; +39031940102,2,2
CO073P,+39031948704,1,1
CO074P,+39031512230,1,1
CO075P,+39031790368,1,1
CO076P,+39031761069,1,1
CO077P,+39031761865,1,1
CO078P,+39031452422,1,1
CO079P,+393314250926,1,1
CO080P,+39031963176,1,1
CO081P,+39031270271,1,1
CO082P,+39031571235,3,3
CO083P,+39031505142,1,1
CO084P,+39031520630,1,1
CO085P,+39034483480,1,1
CO086P,+390296342579,1,1
CO087P,+39031655598,1,1
CO088P,+39031986444,1,1
CO089P,+39031991293,1,1
CO090P,+39031780155,1,1
CO091P,+39031440381,1,1
CO092P,+39034455489,1,1
CO093P,+39031490088,1,1
CO094P,+39031650083,1,1
CO095P,+39031470695,1,1
CO096P,+39031930852,1,1
CO097P,+390316124121,1,1
CO098P,+39034487216,1,1
CO099P,+393312281661,1,1
CO100P,+39031980129,1,1
CO101P,+390312741976,1,1
CO102P,+39034488411,1,1
CO103P,+39031419312,1,1
CO104P,+39029688394,1,1
CO105P,+39031808120,1,1
CO106P,,1,0
CO107P,+39031426316,1,1
CO108P,+39031627209,1,1
CO109P,,1,0
CO110P,+39031715434,1,1
CO111P,+393713116560,1,1
CO112P,+39031641957,1,1
CO113P,+39034481567,1,1
CO114P,+39031426387,1,1
CO115P,+393290630874,1,1
CO116P,+39031470113; +390362967737; +3902419414,7,7
CO117P,+39031270500,5,5
CO118P,+39031269302; +3100269302,5,5
CO119P,+390314896941,1,1
CO120P,+39031750806,1,1
CO121P,+39031901955,1,1
CO122P,+39031526543; +393203551376,2,2
CO123P,+39031480022,3,3
CO124P,+39031790349,1,1
CO125P,+39031730159,2,2
CO126P,+39031645742; +39031426341,4,4
CO127P,+39031609156,2,2
CO128P,+390314896941,1,1
CO129P,+39031241656,1,1
CO130P,+390315378900,7,6
CO131P,+39031642262,2,2
CO132P,+390314490737,1,1
CO133P,+39031262322,1,1
CO134P,+39031263779,1,1
CO135P,+39031900224,1,1
CO136P,+39031264351,3,3
CR001P,+39037229370; +390372560042; +39037223244; +39037228319; +39037229473; +390372454198; +39037228779; +39037222601; +39037226534,9,9
CR002P,+39037235765,1,1
CR003P,+39037228738; +39037238041,3,3
CR004P,+39037220385,1,1
CR005P,+39037225066; +39037458278; +390374340921,8,8
CR006P,+390373450357,1,1
CR007P,+3903721920122,1,1
CR008P,+39037361940,1,1
CR009P,+390373257312; +390373259132,9,9
CR010P,+390373257242,1,1
CR011P,+39037330021,1,1
CR012P,+39037564072,1,1
CR013P,+39037366210,1,1
CR014P,+39037366493,1,1
CR015P,+39037368108,1,1
CR016P,+39036378065,1,1
CR017P,+39037341155,1,1
CR018P,+390374365478,1,1
CR019P,+390373273141,1,1
CR020P,+39037368137,1,1
CR021P,+390373780197,1,1
CR022P,+390374340921,1,1
CR023P,,1,0
CR024P,+390373648181,1,1
CR025P,+390373894513,1,1
CR026P,+39037390132,1,1
CR027P,+390372710936,1,1
CR028P,+393471523131; +39059350778; +39059366436,3,3
CR029P,+390372803824,1,1
CR030P,+39037221285,3,2
CR031P,+390373256000; +390371421795,4,4
CS001P,+390984992070,1,1
CS002P,+390984645818,1,1
CS003P,+393489309460,1,1
CS004P,+390982612551; +390982622551,5,5
CS005P,+39098425534,1,1
CS006P,+390983512454,2,2
CS007P,+390981934063,1,1
CS008P,+390984621082,1,1
CS009P,+39098425504,1,1
CS010P,+390984953035,1,1
CS011P,+390984953367,1,1
CS012P,+393478351634,1,1
CS013P,+390984549014,1,1
CS014P,+390984901161,1,1
CS015P,+390984511192,1,1
CS016P,+393332987248,1,1
CS017P,+390983884418,1,1
CS018P,+390983887271,1,1
CS019P,+393294651322,1,1
CS020P,+390984523353,1,1
CS021P,+390984795100,1,1
CS022P,+390984939295,1,1
CS023P,+3909841860603,1,1
CS024P,,1,0
CS025P,+390984457333,1,1
CS026P,,1,0
CS027P,+393497356099,1,1
CS028P,+39098132189,1,1
CS029P,+390984401290,1,1
CS030P,+390983849910,1,1
CS031P,+39098121184,2,2
CS032P,+393289727966,1,1
CS033P,,1,0
CS034P,+390981446373,1,1
CS035P,+390981491871,1,1
CS036P,+393296198818,1,1
CS037P,+39098382919,1,1
CS038P,+39098572062,1,1
CS039P,+39098156083,1,1
CS040P,+393385233690,1,1
CS041P,,1,0
CS042P,+39098542637,1,1
CS043P,+390981952025,1,1
CS044P,+39098380015,1,1
CS045P,+390981235570,1,1
CS046P,+390981949009; +390918348058,2,2
CS047P,+39098387069,1,1
CS048P,+39098426403,1,1
CS049P,+390985765256,3,3
CS050P,+39098520235,2,2
CS051P,+39098174193,1,1
CS052P,+390984481669,1,1
CS053P,+390984935005,1,1
CS054P,+390984502054,1,1
CS055P,+390984956146,1,1
CS056P,+390984471301,2,1
CS057P,+393273159216,1,1
CS058P,+393489309460,1,1
CS059P,+393494579129,1,1
CS060P,+390982979194,1,1
CS061P,+39098424450; +39098422709,2,2
CS062P,+393291015985,1,1
CS063P,+390984462905,1,1
CS064P,+390982427957,1,1
CS065P,+39098381863,1,1
CS066P,+390984924050,2,2
CS067P,+3909841933578,1,1
CS068P,+393206817928,1,1
CS069P,+39098437033,1,1
CS070P,+39098428072,1,1
CS071P,+39330505263,1,1
CS072P,+393208061678,1,1
CS073P,+3909841528553,1,1
CS074P,+390984937038,1,1
CS075P,+39098433847,1,1
CS076P,+39098135015,1,1
CS077P,+390981708653,1,1
CS078P,,1,0
CS079P,+390983293027,1,1
CS080P,+39098423233,1,1
CS081P,+390984854038,1,1
CS082P,+393292266713,1,1
CS083P,+390981940025,1,1
CS084P,+390984990565,1,1
CS085P,+390983530288,1,1
CS086P,+393899881338,1,1
CS087P,+390984903310,1,1
CS088P,+393477123661,1,1
CS089P,+3909841490657,1,1
CS090P,+3909841810758,1,1
CS091P,+390983200618,1,1
CS092P,+390982644302,1,1
CS093P,+393501126500,1,1
CS094P,+39098437201,1,1
CS095P,,1,0
CS096P,+393383274277,1,1
CS097P,+3909841810499,1,1
CS098P,+390984406855,1,1
CS099P,+393498112441,1,1
CS100P,+393441640974,1,1
CS101P,+39098433691,1,1
CS102P,+393667113368,1,1
CS103P,+393389224783,1,1
CS104P,,1,0
CS105P,+390984791521,1,1
CS106P,+390984412548,2,2
CS107P,+390981489515,3,3
CS108P,+3909841906354,1,1
CS109P,+390983511339,1,1
CS110P,+390984790333,1,1
CS111P,+39098127365,1,1
CS112P,+390981936368,1,1
CS113P,+3909841931550,1,1
CS114P,+390981936368,1,1
CS115P,+390984795235,1,1
CS116P,+3909841460823,1,1
CS117P,,1,0
CS118P,+390985764329,1,1
CT001P,+39095570077,2,2
CT002P,+39095431080,2,2
CT003P,+39095607047,3,3
CT004P,+390957497914,1,1
CT005P,+390957690114,3,3
CT006P,+39095330134,2,1
CT007P,+390957243111,5,5
CT008P,+393294551505,1,1
CT009P,+39095693343,1,1
CT010P,,5,0
CT011P,+390933970251,1,1
CT012P,+39095336960; +39095336964,5,5
CT013P,+39093322725,1,1
CT014P,+39093321176,1,1
CT015P,+39095491084,1,1
CT016P,+393452830277,1,1
CT017P,+39095853060,1,1
CT018P,+39095431357,3,3
CT019P,+393805309577,1,1
CT020P,+39095854757,1,1
CT021P,+39095439161; +39095508598; +39095347404; +39095415095; +393371018895; +39095383661; +39095504901; +390957121455; +39095474383,9,9
CT022P,,1,0
CT023P,+393755629861,1,1
CT024P,+390950971143; +390950971141,2,2
CT025P,+39095274644,1,1
CT026P,,1,0
CT027P,+39095891131,1,1
CT028P,+39095607633,1,1
CT029P,+390957647768,2,2
CT030P,+39095911215,1,1
CT031P,+39095211179,2,2
CT032P,,1,0
CT033P,+39095398229,1,1
CT034P,+39095411520,1,1
CT035P,+39095351594,1,1
CT036P,+39095311277,1,1
CT037P,+393483327648,1,1
CT038P,+39093322291,1,1
CT039P,,1,0
CT040P,+39095515720,1,1
CT041P,+39095530691,1,1
CT042P,+393343434420,1,1
CT043P,+390952161447,1,1
CT044P,+390950861406,1,1
CT045P,+39095444603,2,2
CT046P,+39095414440,2,2
CT047P,+39095621004,2,2
CT048P,+393286882569,1,1
CT049P,+39095651252,1,1
CT050P,+39095601625,1,1
CT051P,+39095524070,1,1
CT052P,+390957912329,2,2
CT053P,+39095301576,2,2
CT054P,+39095376787,1,1
CT055P,+39095538537,1,1
CT056P,+39095356666,1,1
CT057P,+393395098184,1,1
CT058P,+390957921312,1,1
CT059P,+390957723996,1,1
CT060P,+390957254336,1,1
CT061P,+390957131346,1,1
CT062P,+390957122088,1,1
CT063P,+39093352390,1,1
CT064P,+390957676163,1,1
CT065P,+39095858257,1,1
CT066P,+390952264265,1,1
CT067P,+393283729790,1,1
CT068P,+393476546177,1,1
CT069P,+393473056886,1,1
CT070P,+390957800927,1,1
CT071P,,1,0
CT072P,+390957270113,1,1
CT073P,+390957699337,1,1
CT074P,+390957977758,1,1
CT075P,+39095981655,1,1
CT076P,+39095310215,4,4
CT077P,+393339577995,1,1
CT078P,+390952162035,1,1
CT079P,+39095608522,1,1
CT080P,+390950930027,1,1
CT081P,+390952867627,1,1
CT082P,+39095396450,1,1
CT083P,+393294004555,1,1
CT084P,+393494969507,1,1
CT085P,+393519752327,1,1
CT086P,+393495061438,1,1
CT087P,+390957511749,1,1
CT088P,+390957174641,1,1
CT089P,+39095896688,1,1
CT090P,+393408660718,1,1
CT091P,+393934545771,1,1
CT092P,+390957921118,1,1
CT093P,+39393917745273,1,1
CT094P,+39095274997,1,1
CT095P,+393477222636,1,1
CT096P,+39095310855,1,1
CT097P,+393426107284,1,1
CT098P,+390952199872,1,1
CT099P,+393491051763,1,1
CT100P,+390955860759,1,1
CT101P,+39095337546,4,2
CT102P,+393402961179,1,1
CT103P,+3909516961023,1,1
CT104P,,1,0
CT105P,+390957696160,1,1
CT106P,+393398792915,1,1
CT107P,+390952961559,1,1
CT108P,+393892534968,2,1
CT109P,,1,0
CT110P,+393395817331,1,1
CT111P,+393205396716,1,1
CT112P,+393402551614,1,1
CT113P,+393473876023,1,1
CT114P,+393463238827,1,1
CT115P,+390957254555,1,1
CT116P,+393891325309,1,1
CT117P,+390933940009; +390956136800,2,2
CT118P,+957227118; +390957227118; +3909572271118,6,6
CT119P,+390957632013,2,2
CT120P,+390957164123,4,4
CT121P,,2,0
CT122P,+390956136810,2,2
CT123P,+390957604043,1,1
CT124P,,1,0
CT125P,,1,0
CT126P,+39095321547,2,2
CZ001P,+39096822075,2,2
CZ002P,+39096851303,1,1
CZ003P,+39096161122,1,1
CZ004P,+39096721531; +390967521125,5,5
CZ005P,+393466177430,1,1
CZ006P,+39096782124,1,1
CZ007P,+390961360010,1,1
CZ008P,+390961753388,1,1
CZ009P,,1,0
CZ010P,+390961731029,3,1
CZ011P,+390967533156,1,1
CZ012P,,1,0
CZ013P,+3909681904174,1,1
CZ014P,+390961551614,1,1
CZ015P,+393516964044,1,1
CZ016P,+393288658964,1,1
CZ017P,+390961772212,1,1
CZ018P,+39096824168,1,1
CZ019P,+390961723550,1,1
CZ020P,+390961795717,1,1
CZ021P,+393364469442,1,1
CZ022P,+393290168411,2,2
CZ023P,+39096133422,1,1
CZ024P,+393897927797,1,1
CZ025P,+390968789193,1,1
CZ026P,+393207713321,1,1
CZ027P,+393348461424,1,1
CZ028P,+39096163499,1,1
CZ029P,+393761150588,1,1
CZ030P,+393396265274,1,1
CZ031P,+393291623006,1,1
CZ032P,+393517496678,1,1
CZ033P,,1,0
CZ034P,+393889844724,3,3
EN001P,+390934461198,1,1
EN002P,+393333479614,1,1
EN003P,+390935501186,1,1
EN004P,+393775741891,1,1
EN005P,,1,0
FE001P,+3905321910241,5,5
FE002P,+390532818024,1,1
FE003P,+390532830009,1,1
FE004P,+390532864619,2,2
FE005P,+390532860034,1,1
FE006P,+390533711560,1,1
FE007P,+390516831390,1,1
FE008P,,1,0
FE009P,+39051972024,1,1
FE010P,+390532767412,1,1
FE011P,+390532752638; +390532750466; +390532857097; +390452216914,10,10
FE012P,+390532819117,1,1
FE013P,+390532436825,1,1
FE014P,+393894482784,1,1
FE015P,+39053284071,1,1
FE016P,+393888296933,1,1
FE017P,+39053262414,1,1
FE018P,+39053264444,1,1
FE019P,+390532763926,1,1
FE020P,+390533311409,1,1
FE021P,+390533313372,1,1
FE022P,+390533313372,1,1
FE023P,+390533313372,1,1
FE024P,+390533650117,1,1
FE025P,+390533680054,1,1
FE026P,+390532205218,1,1
FE027P,+390532800896,1,1
FE028P,+39053263076; +390532706249; +39053261277; +39053255012; +390532764057; +390532461225; +390532730164; +39053294416; +390532209673,9,9
FE029P,+390532976484,1,1
FE030P,+390532704120,1,1
FE031P,+393534396487,1,1
FE032P,+393703127248,1,1
FE033P,+39053284132,1,1
FE034P,+390532848163,1,1
FE035P,+393888761618,1,1
FE036P,+390532724253; +390532421048,2,2
FE037P,+390532732400,1,1
FE038P,+390532207233,1,1
FE039P,+390532894795,1,1
FE040P,+39053263810; +393280444383,2,2
FE041P,+390532718080,1,1
FE042P,+390532475827,1,1
FE043P,+390514596545,1,1
FE044P,+390532757197; +390532209416,6,4
FE045P,+393389305513,1,1
FE046P,+390532820405,1,1
FE047P,+390532770289,1,1
FE048P,+393403078264,1,1
FE049P,+390516831390,1,1
FG001P,+390881720859,1,1
FG002P,+393286187436,1,1
FG003P,+390881206083,1,1
FG004P,+390881716574,1,1
FG005P,+390881206845; +393200153676,3,3
FG006P,+390881580306,1,1
FG007P,+393485916837,1,1
FG008P,+390881336266,2,2
FG009P,+390881616960,1,1
FG010P,+3934996413340,2,1
FG011P,+390881720274,1,1
FG012P,+390881748407,3,3
FG013P,+390881632701; +390881632781,2,2
FG014P,+390881961016,1,1
FG015P,+390885421178,3,3
FG016P,+390885421570,1,1
FG017P,+390884581077,2,2
FG018P,+390884511995,1,1
FG019P,+390882454177,1,1
FG020P,+390882371134,1,1
FG021P,+390882222558; +39064102763; +394102763,6,3
FG022P,+390882393470,1,1
FG023P,+390882394365,1,1
FG024P,+390881970083,1,1
FG025P,+390881792799; +390881792987,4,4
FG026P,+390881615608,1,1
FG027P,+390881721352,1,1
FG028P,+390882474408,2,2
FG029P,,1,0
FG030P,+390885431007,1,1
FG031P,+390882833947,1,1
FG032P,+390884512998,1,1
FG033P,+393461787048,1,1
FG034P,+393926832371; +390881619747,2,2
FG035P,+390882457835,1,1
FG036P,+3903476445142,1,1
FG037P,+390885795758,1,1
FG038P,+390885795810,1,1
FG039P,+390885421035; +390885421928,3,3
FG040P,+390885422060,1,1
FG041P,+390885424333,2,2
FG042P,+393281025917,1,1
FG043P,+393922990175,1,1
FG044P,+393283076728,1,1
FG045P,+390882416238,2,2
FG046P,+390885651131,1,1
FG047P,+390882222775,1,1
FG048P,+390881684648,1,1
FG049P,+390885424037,1,1
FG050P,+393288722780,1,1
FG051P,+390885449095,1,1
FG052P,+390884593851,1,1
FG053P,+390882225314,1,1
FG054P,+390881206083,1,1
FG055P,+390881205457,1,1
FG056P,+390881205054,1,1
FG057P,+393313436265,1,1
FG058P,+390884991891,1,1
FG059P,+390881528925,1,1
FG060P,+393289570946,1,1
FG061P,+393282673508,1,1
FG062P,+390885784381,1,1
FG063P,+390881616846,1,1
FG064P,+390881026462,1,1
FG065P,,1,0
FG066P,+390881682919,1,1
FG067P,+3908811784357,1,1
FG068P,+390881610363,1,1
FG069P,+390885324464,1,1
FG070P,+390885653092,1,1
FG071P,+390885440539,1,1
FG072P,+3908811783735,1,1
FG073P,+390885841468,1,1
FG074P,+390882831053,1,1
FG075P,+390884708083,1,1
FG076P,+390885791688,1,1
FG077P,+393802886666,1,1
FG078P,+390881520833,1,1
FG079P,+393275494824,1,1
FG080P,,1,0
FG081P,+390881197450,1,1
FG082P,,1,0
FG083P,+393394644159,1,1
FG084P,+390881741630,2,2
FG085P,+393288963888,1,1
FG086P,+393282787802,1,1
FG087P,+390884541922,1,1
FG088P,+393286383951,1,1
FG089P,+393394753786,1,1
FG090P,+390882241134,1,1
FG091P,+393394093069,1,1
FG092P,+390881711468,1,1
FG093P,+390885421570,1,1
FG094P,+390885422060,1,1
FG095P,+390885782672,2,2
FI001P,+390552650665,1,1
FI002P,+39055411849,1,1
FI003P,+390557877882,1,1
FI004P,+39055411016,1,1
FI005P,+39055669530,1,1
FI006P,+390557321971,1,1
FI007P,+39055456321,1,1
FI008P,+390552345655; +390554221369; +390553436202,3,3
FI009P,+39055690887,1,1
FI010P,+39055574350,1,1
FI011P,+39055685215,1,1
FI012P,+390556530012,1,1
FI013P,+39055786852,1,1
FI014P,+390557330436,1,1
FI015P,+390552346483,1,1
FI016P,+390554564173,1,1
FI017P,+39055783877,1,1
FI018P,+39055211116,1,1
FI019P,+39055716306,1,1
FI020P,+39055678831,1,1
FI021P,+39055350498,1,1
FI022P,+39055364594,1,1
FI023P,+390552381941,1,1
FI024P,+390552049758,1,1
FI025P,+390552590813,1,1
FI026P,+39055701635,1,1
FI027P,+390571590280,1,1
FI028P,+390557591554; +390557301281,2,2
FI029P,+39055600816; +390556121327,2,2
FI030P,+390556821525,2,2
FI031P,+39055495061,3,3
FI032P,+390554223701,1,1
FI033P,+39055357273,1,1
FI034P,+39055588267,2,2
FI035P,+390556594828,1,1
FI036P,+390552337861,1,1
FI037P,+39055245252,1,1
FI038P,+39055413164,1,1
FI039P,+39055670433; +5500670433,3,3
FI040P,+390553248660,2,2
FI041P,+39055486402,1,1
FI042P,+39055490002,2,2
FI043P,+390556125011,2,2
FI044P,+390554931410,2,2
FI045P,+39055490891,2,2
FI046P,+390552478054,4,4
FI047P,+39055317450,2,2
FI048P,+39055588083,3,3
FI049P,+390556560170,2,2
FI050P,+390558420415,1,1
FI051P,+39055841286,1,1
FI052P,+390558456963,1,1
FI053P,+390558879217,1,1
FI054P,+39055892815,1,1
FI055P,+390558953028,2,2
FI056P,+39055890302,1,1
FI057P,+390553987091; +39055890093,3,3
FI058P,+390571979266,1,1
FI059P,+39057164052,1,1
FI060P,+390571631014,1,1
FI061P,+390571668216,1,1
FI062P,+390571931115,1,1
FI063P,+39055592613,1,1
FI064P,+39057172253,5,5
FI065P,+390559544183; +390558335017,3,3
FI066P,+39055208048,1,1
FI067P,+390552374061,2,2
FI068P,+390571590920,1,1
FI069P,+390571519185,1,1
FI070P,+39057151141,1,1
FI071P,,1,0
FI072P,+390558309149; +39055820435; +390586793457; +390586898954; +390584392194; +39057372303,6,6
FI073P,+390558368278,2,2
FI074P,+39055868112,1,1
FI075P,+39055860016,1,1
FI076P,+39055861035,2,2
FI077P,+390552571267,2,2
FI078P,+390554489154,3,3
FI079P,+390554489553,1,1
FI080P,+390554207199,1,1
FI081P,+39055875643,3,3
FI082P,+390558077208,1,1
FI083P,+390558448212,1,1
FI084P,+390571508015,1,1
FI085P,+39055317191,2,2
FI086P,+390552340826,1,1
FI087P,+390556811872,6,6
FI088P,+390554217612,1,1
FI089P,,1,0
FI090P,+390552037265,1,1
FI091P,+393483995513; +390586861412; +390586884864,3,3
FI092P,+393407865478,1,1
FI093P,+390550981237,3,2
FI094P,,1,0
FI095P,+39055575243; +39055587724,6,6
FI096P,+39055707165,1,1
FI097P,+390571668216,1,1
FI098P,+39057151302,1,1
FI099P,+390571590920,1,1
FI100P,+390558456963,1,1
FI101P,+390559153800,3,3
FI102P,+39055707165,1,1
FI103P,+39055225008,1,1
FI104P,+3905562300,3,3
FI105P,+390556557785,2,2
FI106P,+390552469139,4,3
FI107P,+390556557785,2,2
FI108P,+39055220281; +39055416288,5,4
FI109P,+390556818272,2,2
FM001P,+393398063710,1,1
FM002P,+390734674172,2,2
FM003P,+390734993211,1,1
FM004P,+390734842960,1,1
FM005P,,1,0
FM006P,,4,0
FM007P,+390735683792; +39073590489,7,6
FM008P,,4,0
FO001P,+390541931412; +390541772718,2,2
FO002P,+393886970200; +3905471938536; +390547324427,5,3
FO003P,+393209291059,1,1
FO004P,+39054788126,1,1
FO005P,+39054751075,1,1
FO006P,+3905471938536,1,1
FO007P,+393331931979,1,1
FO008P,,1,0
FO009P,+39054327330,1,1
FO010P,+390543558715,1,1
FO011P,+390543493219,1,1
FO012P,+390543756556,1,1
FO013P,+39054794811,1,1
FO014P,+390543798664; +390543725861,4,4
FO015P,+39054333084,1,1
FO016P,,1,0
FO017P,+390543701200,1,1
FO018P,+39328154044,8,8
FO019P,+39054326086,2,2
FO020P,+390543093381,1,1
FO021P,+390547301305,1,1
FO022P,+390547300353,1,1
FO023P,+390547300045,1,1
FO024P,+390547311075,1,1
FO025P,+393408301413,1,1
FO026P,+39054721966; +390547645792; +390547303322,4,4
FO027P,+39054361191,1,1
FO028P,+390547331333,1,1
FO029P,+390547331540,1,1
FO030P,+390547330224,1,1
FO031P,+39054725881,1,1
FO032P,+390543476112,1,1
FO033P,+390543720632,1,1
FO034P,+390547384938,1,1
FO035P,+390547382780,1,1
FO036P,+39054386780,1,1
FO037P,+39054775508,1,1
FO038P,+390541945689,1,1
FO039P,+390541930159,1,1
FO040P,+39054332060; +39059821384,3,3
FR001P,+390775863129,1,1
FR002P,+390775872427,1,1
FR003P,+390775244161,2,2
FR004P,+390775515194,1,1
FR005P,+390775515058,1,1
FR006P,+390775504555,1,1
FR007P,+393278790821,1,1
FR008P,+390775250630,2,2
FR009P,+390776910102,1,1
FR010P,+390775727053,2,2
FR011P,+390775851255,1,1
FR012P,+390775288635,1,1
FR013P,+390775290366,1,1
FR014P,+390776824387,2,2
FR015P,+390776270218,3,3
FR016P,+39077622225,2,2
FR017P,+390775202729,1,1
FR018P,+390775300055,1,1
FR019P,+390776728244,1,1
FR020P,+390776831021,1,1
FR021P,+390775601328,1,1
FR022P,+390775739057,5,5
FR023P,+390775283244; +390775282352,3,3
FR024P,+390776310018,2,1
FR025P,+390776832080,1,1
FR026P,+390776311681,1,1
FR027P,,1,0
FR028P,+390776310018,2,2
FR029P,,1,0
FR030P,+390776832080,1,1
GE001P,+390103629131,2,2
GE002P,,1,0
GE003P,+39010358234; +39010581127,7,7
GE004P,+39018550558; +39018500050558,2,2
GE005P,+39010252583,1,1
GE006P,+390103629835,1,1
GE007P,+390103623585; +39010580719; +39010592810,3,3
GE008P,+390185309889,3,3
GE009P,+39010500165,2,2
GE010P,+390106196136; +393451561753; +393409703825; +390103725504; +1006429112,5,5
GE011P,+390103201677,1,1
GE012P,+39010821713,1,1
GE013P,+39018542789,1,1
GE014P,+390185770404,1,1
GE015P,+39010665243; +390106967880,6,6
GE016P,+39010543637; +390108364415; +390858207434; +3908564160; +390854712650,9,9
GE017P,+390185467346,1,1
GE018P,+390102512134; +39010751701,3,2
GE019P,+390106982817,1,1
GE020P,+39018550323,3,3
GE021P,+390108360667,1,1
GE022P,+39010500795,1,1
GE023P,+39010750842,1,1
GE024P,+390103470580,1,1
GE025P,+39018553280,2,2
GE026P,+390103629390,3,3
GE027P,+390185391939,1,1
GE028P,+390108313718; +39010895062; +390108395062,3,3
GE029P,+390102468327,1,1
GE030P,+39010540241,1,1
GE031P,+390102722984,1,1
GE032P,+39010826414,1,1
GE033P,+39010503892,1,1
GE034P,+390109110957,1,1
GE035P,+390109677709,1,1
GE036P,+39010711428,1,1
GE037P,+390109814582,1,1
GE038P,+390106423531,1,1
GE039P,+39010803454,1,1
GE040P,+39010318182,1,1
GE041P,+39010460844,1,1
GE042P,+390106459262,1,1
GE043P,+393884079014,1,1
GE044P,+39010885538,1,1
GE045P,+39010397845,1,1
GE046P,+393291003877; +393200943005,2,2
GE047P,+390185380124,1,1
GE048P,+390106136321,1,1
GE049P,+390108366597,1,1
GE050P,+39010587997,1,1
GE051P,+393315315146; +390107402162,2,2
GE052P,+390106136532,1,1
GE053P,+390102476604,1,1
GE054P,+39010690712,1,1
GE055P,+390102512640,1,1
GE056P,+39010322586,1,1
GE057P,+39010267822,1,1
GE058P,+39010232454,1,1
GE059P,+390106045673,1,1
GE060P,+390107493196,1,1
GE061P,+39010889555,1,1
GE062P,+390105578665,1,1
GE063P,+39010261677,1,1
GE064P,+390106454958,1,1
GE065P,+39010503306,3,3
GE066P,+39010889597; +39010543011; +390102722170,3,3
GE067P,+390185382465,1,1
GE068P,+39392418642,1,1
GE069P,+390185695670,1,1
GE070P,+39010870324,1,1
GE071P,+39010381703,1,1
GE072P,+390103450290,1,1
GE073P,+393927006945,1,1
GE074P,+393896507251,1,1
GE075P,+390106459844,1,1
GE076P,+39010214559,1,1
GE077P,+390185698996,1,1
GE078P,+390103198905,1,1
GE079P,+390106507600,1,1
GE080P,+390106531758,1,1
GE081P,+393534149275,1,1
GE082P,+390185300645,3,3
GE083P,+390106518397; +390106402695,2,2
GE084P,+39010412219,1,1
GE085P,+390106511095,1,1
GE086P,+39010389416,1,1
GE087P,+390108392483,1,1
GE088P,+390108171000,1,1
GE089P,+39010384495,1,1
GE090P,+390106511110,1,1
GE091P,+39010387569,1,1
GE092P,+393913884489,1,1
GE093P,+393404185539,1,1
GE094P,+390109643731,1,1
GE095P,+39018562815,1,1
GE096P,+39018575054,1,1
GE097P,+390106500700,2,2
GE098P,+393493358137,1,1
GE099P,+390107455135,1,1
GE100P,+393337532009,1,1
GE101P,+390109170272,2,2
GE102P,+390107855871; +390108393034,2,2
GE103P,+390107856061,2,2
GE104P,+390108391725,2,2
GE105P,+393887256940,1,1
GE106P,+393351037036,1,1
GE107P,+393519028164,1,1
GE108P,,1,0
GE109P,+393276815237,1,1
GE110P,+39010311105; +390362501098,4,4
GE111P,+390106530379,5,5
GE112P,+393516841826,1,1
GE113P,+39010500795,1,1
GE114P,+390106443051,1,1
GE115P,+390106134617,1,1
GE116P,+390106402695,1,1
GE117P,+390108393034,1,1
GE118P,+39010386528,1,1
GE119P,+390105536268; +39010541907,3,3
GE120P,+390103202075; +1003202075,3,2
GE121P,+39010811634,1,1
GE122P,+390185309777,1,1
GO001P,+39048160455; +390424561013,2,2
GO002P,+39043180451,1,1
GO003P,+390481960991,3,3
GO004P,+390481383518,2,2
GO005P,+390481538660,1,1
GO006P,+39048167496,1,1
GR001P,+390564409214; +390564488950; +390564415605; +390564451637,4,4
GR002P,+39055490891,1,1
GR003P,+390556821526,1,1
GR004P,+39056425329,1,1
GR005P,+39056422505,2,2
GR006P,+390556821526,1,1
GR007P,+390566469369,1,1
GR008P,+390564809360; +390564629251,3,2
GR009P,+390564814717,1,1
GR010P,+390564871674,1,1
GR011P,+390564579218,1,1
GR012P,+390564860390,1,1
GR013P,+393493793683,1,1
GR014P,+390564411011; +39056411011; +390583587484; +390583419640; +3905851987301,9,9
GR015P,+390564418764,1,1
GR016P,+393331363931,1,1
GR017P,,1,0
GR018P,+393471951614,1,1
GR019P,+390564449200; +390564449111,3,3
IM001P,+390184504292,2,2
IM002P,+390184484000,1,1
IM003P,+390184485721,1,1
IM004P,+390183495029,1,1
IM005P,+390183400204,1,1
IM006P,+390184514598,1,1
IM007P,+390184573500,1,1
IM008P,+390184252169,1,1
IM009P,+393475548310,1,1
IM010P,+390184573500,1,1
IM011P,+390184351113,2,2
IM012P,+390184501488,3,3
IM013P,+390184689744,1,1
IM014P,+390184484307,1,1
IM015P,+39018361647,1,1
IM016P,+39018361647,1,1
IS001P,+390865900643,1,1
IS002P,+39086550775,1,1
IS003P,+390865900643,1,1
IS004P,,1,0
IS005P,+390865460446,1,1
IS006P,,1,0
IS007P,+390865270711,6,6
KR001P,,1,0
KR002P,+390962886712,1,1
KR003P,+390962939514,3,3
KR004P,+39096231043,1,1
KR005P,+39096281026,1,1
KR006P,+393206798295,1,1
KR007P,+39096257837,1,1
KR008P,+390962791083,1,1
KR009P,+390962491278,1,1
KR010P,+390962489149,1,1
KR011P,+393490547850,1,1
KR012P,+393291426429,1,1
LC001P,+390399920558,1,1
LC002P,+39031865570,1,1
LC003P,+390399260029,1,1
LC004P,+390341494660,1,1
LC005P,+390341731225,1,1
LC006P,+39039510122,1,1
LC007P,+393341534666,1,1
LC008P,+390341494353,1,1
LC009P,+39039508474,1,1
LC010P,+390341369337,1,1
LC011P,+390341450054,1,1
LC012P,+390341604518; +39039668426,2,2
LC013P,+390341495393,1,1
LC014P,+390341496484,1,1
LC015P,,1,0
LC016P,+390341362610,1,1
LC017P,+39031860327,1,1
LC018P,+390395300522,1,1
LC019P,+390341420207,1,1
LC020P,+390341576607,1,1
LC021P,+390341540229,1,1
LC022P,+390341367438,1,1
LC023P,+390341497296,1,1
LC024P,+390341495215,1,1
LC025P,+390341422460,1,1
LC026P,+390341364317,1,1
LC027P,+390399205008,1,1
LC028P,+39031850521,1,1
LC029P,+390395320136,1,1
LC030P,+390399241144,1,1
LC031P,+390341730201,1,1
LC032P,+390341257611,6,6
LC033P,+390341733386,1,1
LC034P,+390341860184,1,1
LC035P,+390341282854,1,1
LC036P,+390341202472,1,1
LC037P,+39039508640,1,1
LC038P,+390341917006,1,1
LC039P,+390341980398,1,1
LC040P,+390341550431,1,1
LC041P,+390341260350,1,1
LC042P,+390341741328,1,1
LC043P,+39031860131,1,1
LC044P,+390341940300,1,1
LC045P,+390399204184,1,1
LC046P,+390399206388; +390399203915,2,2
LC047P,+390396776780,1,1
LC048P,+390399200201,1,1
LC049P,+390399902036,3,3
LC050P,+390399241246,1,1
LC051P,+390395983908; +390399903074,2,2
LC052P,+3903957103,1,1
LC053P,+393483403550,1,1
LC054P,+390341591040,1,1
LC055P,+390341581069; +390341580110,2,2
LC056P,+390341591967; +390341641426,3,3
LC057P,+3903958452,1,1
LC058P,+390341941386,1,1
LC059P,+39031656639,1,1
LC060P,+390341830379,1,1
LC061P,+390399902150,1,1
LC062P,+390341496225,1,1
LC063P,+390341611082,1,1
LC064P,+390341731135,2,2
LC065P,+390395320808,1,1
LC066P,+393282996098,1,1
LC067P,+390395310107,1,1
LC068P,+39039508578,1,1
LC069P,+39039956297,1,1
LC070P,+390341541185,1,1
LC071P,+390341890289,1,1
LC072P,+390341821214,1,1
LC073P,+390399206018,1,1
LC074P,+390399210044,1,1
LC075P,+390341998556,1,1
LC076P,+39031855078,1,1
LC077P,+390341363096,4,4
LC078P,+39031690642,1,1
LC079P,+39031657535,1,1
LC080P,+390313574830,1,1
LC081P,+390341251390; +390341250180; +390341497075,5,5
LC082P,+390395310109,2,2
LC083P,+39039956556,2,2
LC084P,+390341364481,4,4
LC085P,+390341250760,2,2
LC086P,+390341365276,1,1
LE001P,+390832307500,3,3
LE002P,+390832390312,3,3
LE003P,+390832399124; +390832390438,2,2
LE004P,+390832343636,2,2
LE005P,+390832240020; +390832240016,4,4
LE006P,+390833781120,1,1
LE007P,+390836926009,1,1
LE008P,+390832791012,1,1
LE009P,+390832823281,1,1
LE010P,+390833341057,1,1
LE011P,+390836329035,1,1
LE012P,+390836332050,1,1
LE013P,+390836569713,1,1
LE014P,+390836602036,1,1
LE015P,+390836562607,1,1
LE016P,+390832925058,1,1
LE017P,+390833623985,2,2
LE018P,+390832401868,1,1
LE019P,+390836801422,1,1
LE020P,+390833569021,1,1
LE021P,+390833693547,1,1
LE022P,+390832732881,1,1
LE023P,+390832200286,1,1
LE024P,+390832786627,1,1
LE025P,+393401733958,1,1
LE026P,+390833631269,1,1
LE027P,+390833912234,1,1
LE028P,+390833531088,1,1
LE029P,+390832757113,1,1
LE030P,+390833544023,1,1
LE031P,+3908331820664,1,1
LE032P,+3908331626876,1,1
LE033P,+393462114162,1,1
LE034P,+390832327259,1,1
LE035P,+390832331367,1,1
LE036P,+390832861230,1,1
LE037P,+390833281212,1,1
LE038P,+390832351610,1,1
LE039P,+390832601145,1,1
LE040P,+393289234297,1,1
LE041P,+393289445216,1,1
LE042P,+393401362319,1,1
LE043P,+393471951263,1,1
LE044P,+3908321698646,2,2
LE045P,+390833828966,1,1
LE046P,+393892742703,1,1
LE047P,+390832266823,1,1
LE048P,+390836563568,1,1
LE049P,+3908321831832,1,1
LE050P,+390833726054,1,1
LE051P,+390833518173,1,1
LE052P,,1,0
LE053P,+393293116903,1,1
LE054P,+390836562668,1,1
LE055P,+3908321990709,1,1
LE056P,+390833623985,1,1
LE057P,+390832602728,1,1
LE058P,+390832498080,1,1
LI001P,+393667798133,1,1
LI002P,+390586899033,2,2
LI003P,+390586824315; +390586824415; +390586824371; +390586824376; +390586824366; +390586824430; +390586824341; +390586824331; +390586824365; +390586854178,10,10
LI004P,+390565976238,1,1
LI005P,+390586808390; +390587635025,3,3
LI006P,,2,0
LI007P,+390586444269,3,3
LI008P,+390586260938,3,3
LI009P,+390565915030,1,1
LI010P,+390565851442,1,1
LI011P,+390586680338,1,1
LI012P,+390565775090,1,1
LI013P,+390566902039,1,1
LI014P,+390586852612,1,1
LI015P,+390586785123; +390586764819; +390586740059,3,3
LI016P,+390586662056,2,2
LI017P,+393335082923,1,1
LI018P,+393384593249,1,1
LI019P,+390586661255,1,1
LI020P,+393892538450,1,1
LI021P,+39056539156,2,2
LI022P,+390586632282,1,1
LI023P,+390586811195,1,1
LO001P,+390371752689,1,1
LO002P,,1,0
LO003P,+390371428051,1,1
LO004P,,1,0
LO005P,+390371428051,1,1
LO006P,+393425047751; +390371420213; +390377379751,5,5
LO007P,+39037788877,1,1
LO008P,+390371470095,1,1
LO009P,+39037160061,1,1
LO010P,+390371978439,1,1
LO011P,+390377833595,1,1
LO012P,+390377570033,1,1
LO013P,+390236546005,1,1
LO014P,+39037191636,1,1
LO015P,+390371428051,1,1
LO016P,+390371428051,1,1
LO017P,+390371428051,1,1
LO018P,+390377807005,1,1
LO019P,+390371421985,1,1
LO020P,+39037730500,1,1
LO021P,,1,0
LO022P,+39037190227,1,1
LO023P,+39037732520,2,2
LO024P,+39037787734,1,1
LO025P,+39029065040,1,1
LO026P,+390371768408,1,1
LO027P,+393884408652,1,1
LO028P,+390377830634,1,1
LO029P,+393716163962,1,1
LO030P,+39037188817,1,1
LO031P,+39037197177,1,1
LO032P,+390371411218,1,1
LO033P,+39037169079,1,1
LO034P,+39037751110,1,1
LO035P,+390243416829,1,1
LO036P,+390371269080,1,1
LO037P,+39037767859,1,1
LO038P,+390371420019,4,4
LO039P,+390371940500,1,1
LO040P,+393453933466,1,1
LO041P,+390371411218,1,1
LT001P,+390773700287,1,1
LT002P,+390771771117,1,1
LT003P,+390771720306,1,1
LT004P,+390773723276,1,1
LT005P,+3907711990699; +39066637381,2,2
LT006P,+390773692782,2,1
LT007P,+390771770557,1,1
LT008P,+39077122646; +39077122647,2,2
LT009P,+390771205705; +390755004605; +39069063932,5,5
LT010P,+390773547794,1,1
LT011P,+39069699027,2,2
LT012P,+390692727139,1,1
LT013P,+393939305956,1,1
LT014P,+390773702449,3,3
LT015P,+390773720057,1,1
LT016P,+39077165167,1,1
LT017P,+390771683091,1,1
LT018P,+390771614577,1,1
LT019P,+390773887162; +390773368875,2,2
LT020P,+393397542803,3,3
LT021P,+390773637021,1,1
LT022P,+390773208067,1,1
LT023P,+390773458021,1,1
LT024P,+390773652601,1,1
LT025P,+390771658689,1,1
LT026P,+390771502147,2,1
LT027P,+39077121184,1,1
LT028P,,1,0
LT029P,+390686658927,2,2
LT030P,,1,0
LT031P,+390773700287,1,1
LT032P,+390771720306,1,1
LT033P,+390771537566,1,1
LT034P,+390773624384,3,2
LT035P,,4,0
LT036P,+390771531313,4,4
LT037P,+390771790082,2,2
LT038P,+390771209231,1,1
LT039P,+390773609011,1,1
LU001P,+390584392194,1,1
LU002P,+390584790038,1,1
LU003P,+390584769570,1,1
LU004P,+393294464010,1,1
LU005P,+39058445024,2,2
LU006P,+390584391023; +39058450286; +390584960717,3,3
LU007P,+393285331417,1,1
LU008P,+390583928082,1,1
LU009P,+39058388045,1,1
LU010P,+390583510675,1,1
LU011P,+390584989371,1,1
LU012P,+390583496762,2,2
LU013P,+390583950298,1,1
LU014P,+390584634506,5,5
LU015P,+39058489214,1,1
LU016P,+390584962781,1,1
MC001P,+390733230847,3,2
MC002P,+390733432035,1,1
MC003P,+390733233188,1,1
MC004P,+390737632752,1,1
MC005P,+390737641144,1,1
MC006P,+390733978979,1,1
MC007P,+390733688126,1,1
MC008P,+390719799112,1,1
MC009P,+3907331898171,1,1
MC010P,+390733898113,1,1
MC011P,+390733812644,1,1
MC012P,+390733865235,1,1
MC013P,,1,0
MC014P,+390733566599,1,1
MC015P,+390717575923,1,1
MC016P,,2,0
MC017P,+390733235157,5,5
MC018P,+390733817588,1,1
MC019P,,4,0
ME001P,+39090345275,1,1
ME002P,,1,0
ME003P,+393895155409,1,1
ME004P,+390941728002,1,1
ME005P,+39090717011,2,2
ME006P,+390941957925; +390941723060,2,2
ME007P,+393881134368,1,1
ME008P,+39090713548,2,1
ME009P,+390909011694,1,1
ME010P,,1,0
ME011P,+3932871774888,1,1
ME012P,+3909041874; +9000041874,2,2
ME013P,+390902935034,2,2
ME014P,+390909811094; +39091204119,3,3
ME015P,+393492612573,1,1
ME016P,,1,0
ME017P,+393492673860,1,1
ME018P,+390941726777,1,1
ME019P,+393287177488,1,1
ME020P,+39090360754,7,7
ME021P,+390909740901,1,1
ME022P,+39090310666,1,1
ME023P,+390902935307,1,1
ME024P,+393911734719,1,1
ME025P,+393473794032,1,1
ME026P,+390909797266,1,1
ME027P,+393478141724; +393278522746,2,2
ME028P,+390909928614,1,1
ME029P,+390909281645,1,1
ME030P,+393473355087,1,1
ME031P,+390906409154; +390908790705,3,3
ME032P,+393451384769,1,1
ME033P,+393497020143,1,1
ME034P,+39090354426,1,1
ME035P,+390909796031,1,1
ME036P,+390902400888; +39090362451,2,2
ME037P,+390902934993,1,1
ME038P,,1,0
ME039P,+39090630073,1,1
ME040P,+393476242440,1,1
ME041P,+390902403434; +393484187979,2,2
ME042P,+393400848084,1,1
ME043P,+393497248791,1,1
ME044P,,1,0
ME045P,+393473127152,1,1
ME046P,+390903710606; +39090371606,2,2
ME047P,+393342472434,1,1
ME048P,+393405320427,1,1
ME049P,+393272837615,1,1
ME050P,+393207584504,1,1
ME051P,+390909431081,1,1
ME052P,+39090931779,1,1
ME053P,+390909221472,1,1
ME054P,+393460807344,1,1
ME055P,+393457604026,1,1
ME056P,+390921331060; +390921331070,3,3
ME057P,+390909702169,3,3
ME058P,+390902930316,1,1
ME059P,,1,0
ME060P,+390909795704,2,2
ME061P,,5,0
ME062P,+390942795108,1,1
ME063P,+390941721407,1,1
ME064P,+39094259300,1,1
MI001P,+390288441038; +390288440236; +390288440053; +390288445631; +390288446104; +390288440639; +390288440216; +390288440706; +390288444436; +390288440647; +390288440470; +390288465573; +390288440375; +390288446106; +390288446721; +390288446576; +390288440710; +390288446755; +390288440499; +390288440433; +390288440557; +390288440305; +390227209178; +390288447555; +390288446410; +390288446045; +390288440400; +3902884402967; +390288453726; +390288444777; +390288456767; +39025060138,33,33
MI002P,+390255010542; +39025510201,2,2
MI003P,+390288447037,1,1
MI004P,+390288440441; +390288440453; +390288446092,3,3
MI005P,+390288444251; +390288467490,3,3
MI006P,+3902884448831,1,1
MI007P,+390288447025,1,1
MI008P,+39028463627; +390289406589; +390289504149,3,3
MI009P,+39024121015,1,1
MI010P,+390299440072; +390239267748; +39023083692,3,3
MI011P,+390288446275,1,1
MI012P,+39023085507,1,1
MI013P,+39023533932,1,1
MI014P,+39024042035,1,1
MI015P,+390288440393; +39024598729; +390247994821,3,3
MI016P,+390288444057; +390288440042,2,2
MI017P,+390288440691; +390255194858,2,2
MI018P,+390288444880,1,1
MI019P,+390288448746,1,1
MI020P,+390288444087; +390288444213,2,2
MI021P,+390288440005,1,1
MI022P,+39024048633,1,1
MI023P,+390288446845; +390239311096; +390288448382,3,3
MI024P,+390288448689; +390288446605,2,2
MI025P,+390288447771,1,1
MI026P,,1,0
MI027P,+39023533934,1,1
MI028P,+390288447732,1,1
MI029P,+390288445673,1,1
MI030P,+390288444190,1,1
MI031P,+390288447309,1,1
MI032P,+390288447193,1,1
MI033P,+39022157085,1,1
MI034P,+390288446640; +390288440341; +390288447958,3,3
MI035P,+39028130841,1,1
MI036P,+390288447308,1,1
MI037P,+39028376553,1,1
MI038P,+390288466836,1,1
MI039P,+39026705184,1,1
MI040P,+3902715301,1,1
MI041P,+390288447821,1,1
MI042P,+390288446283; +39023491709,2,2
MI043P,+39022158413; +390288440488,2,2
MI044P,+39026886833; +390266985668; +390288444845,3,3
MI045P,+390288440378,2,2
MI046P,+390240070953,1,1
MI047P,+390288447346,1,1
MI048P,+390288448875,1,1
MI049P,+390288448631,1,1
MI050P,+390288448763,1,1
MI051P,+390239310106,1,1
MI052P,+3902606943,1,1
MI053P,+390288447846,1,1
MI054P,+39024524134,1,1
MI055P,+390288441547,1,1
MI056P,+39023570978,1,1
MI057P,+390288448325,1,1
MI058P,+390288440506,1,1
MI059P,+390288447779,1,1
MI060P,+390288448895,1,1
MI061P,+390289120314; +390288446267; +390288440159,3,3
MI062P,+390288446795,1,1
MI063P,+390248000464,1,1
MI064P,+3902718021,1,1
MI065P,+39026458308,1,1
MI066P,+390288448472; +3902504084,2,2
MI067P,+390288447841,1,1
MI068P,+390239263293,1,1
MI069P,+390297297038,2,2
MI070P,+39024385021,6,6
MI071P,+390288444891,1,1
MI072P,+390288444854,1,1
MI073P,+390289010897,1,1
MI074P,+390269008169,1,1
MI075P,+39028135465,1,1
MI076P,+390288447370,1,1
MI077P,+390288440607,1,1
MI078P,+390288444542,1,1
MI079P,+390288444472,1,1
MI080P,+39026551458,1,1
MI081P,+390288440446,1,1
MI082P,+39026887738,1,1
MI083P,+39027384264,1,1
MI084P,+39027381736,1,1
MI085P,+390288440212,1,1
MI086P,+390288446154; +390286453426,2,2
MI087P,+390288440515,1,1
MI088P,+390288441510,1,1
MI089P,+390288447380,1,1
MI090P,+390288447626,1,1
MI091P,+390288440178,1,1
MI092P,+39024224561,1,1
MI093P,+39024815630,1,1
MI094P,+39023390869,1,1
MI095P,+390288448801,1,1
MI096P,+39023494449,1,1
MI097P,+390288444401,1,1
MI098P,+390288440613,1,1
MI099P,+3902713603,1,1
MI100P,+390288440206,1,1
MI101P,+3902502229,1,1
MI102P,+3902502393,1,1
MI103P,+39025398620,1,1
MI104P,+390288440242,1,1
MI105P,+390288440118,1,1
MI106P,+390289121814,1,1
MI107P,+3902719546,1,1
MI108P,+390203005380,3,3
MI109P,+390266220815,1,1
MI110P,+39023554427; +39027015121; +390270151229,7,7
MI111P,+39028373474,1,1
MI112P,+39023083244; +390266981648; +39026696703; +390267074315,9,9
MI113P,+390248201921,1,1
MI114P,+390289403482; +390289403317; +390289409732; +390289405789,9,9
MI115P,+39024043493; +39024045694,2,2
MI116P,+390223369287,1,1
MI117P,+390239310187,3,3
MI118P,+390233000723,2,2
MI119P,+390270600591,3,3
MI120P,+390276022345,1,1
MI121P,,1,0
MI122P,+3902533208; +39027610831; +390253320809,7,7
MI123P,+390243435700,3,3
MI124P,+3902690123350,1,1
MI125P,+39026080396; +390258300750,5,5
MI126P,+39024294451,1,1
MI127P,+39028435643,3,3
MI128P,+390289531051,1,1
MI129P,+390233002063,2,2
MI130P,,1,0
MI131P,+3902436750,2,2
MI132P,+390259902097,1,1
MI133P,+390270124912,1,1
MI134P,+390266986874,1,1
MI135P,,1,0
MI136P,+390238005188,2,2
MI137P,+39027389504,1,1
MI138P,+39024151517,5,5
MI139P,+390272010563; +390272011053,6,6
MI140P,+3902430631,11,10
MI141P,+390276007804; +390276007846,5,5
MI142P,+390229001762,2,2
MI143P,+390266220911,1,1
MI144P,+39022895025,1,1
MI145P,+39023311227,2,2
MI146P,+3902266867002; +3902266867004; +3902266867006; +3902266867003,8,8
MI147P,+390238103163; +390294967023; +390331793526,8,8
MI148P,+39025450920,3,3
MI149P,+390227207416,1,1
MI150P,+39026704677,1,1
MI151P,+390248913759,3,3
MI152P,+39022140306,3,3
MI153P,+39027380816,1,1
MI154P,+39022593344,3,3
MI155P,+3902210103500,6,6
MI156P,+390225715674,1,1
MI157P,+39024521986,1,1
MI158P,+390289546974; +390236598811; +390233101792,4,4
MI159P,+3902483110236; +3902483110246,3,3
MI160P,+390266220568,3,3
MI161P,+39026426025,2,2
MI162P,+390255230689,2,1
MI163P,+390266222486,3,3
MI164P,+390239218968,2,2
MI165P,+390248006864,7,6
MI166P,+390240091821,1,1
MI167P,+390255188910,3,3
MI168P,+390248951441,3,3
MI169P,+39026693141,5,5
MI170P,+390240070261,2,2
MI171P,+390294969280,1,1
MI172P,+390294966217,1,1
MI173P,+39029406676,1,1
MI174P,+390331461230,1,1
MI175P,+39029380493,1,1
MI176P,+39029380897,1,1
MI177P,+39029017091,1,1
MI178P,+39029013256,1,1
MI179P,+393280051394,1,1
MI180P,+390297241093,1,1
MI181P,+390297250369,1,1
MI182P,+39023502933,1,1
MI183P,+39023560773,1,1
MI184P,+39023503552,1,1
MI185P,+39023510294,1,1
MI186P,,1,0
MI187P,+39026107375,1,1
MI188P,+390235986613; +390245374250,7,7
MI189P,+390290870165,1,1
MI190P,+390248842077,1,1
MI191P,+390295039300,1,1
MI192P,+390331569404,1,1
MI193P,+390227012608,1,1
MI194P,+390331411244,1,1
MI195P,+39029253703,1,1
MI196P,+39029010078,1,1
MI197P,+39036360868,1,1
MI198P,+39036361235,1,1
MI199P,+39029521962; +39029513349,2,2
MI200P,+390331880810,2,1
MI201P,+39029230977,1,1
MI202P,+390298232498,1,1
MI203P,+390331535150,1,1
MI204P,+390331519132; +390331518396; +390331420740,5,5
MI205P,+39024580293,1,1
MI206P,+390299067326,1,1
MI207P,+39029941930,1,1
MI208P,+390222472593,2,2
MI209P,+390266046540,1,1
MI210P,+390266047087,1,1
MI211P,+390266046542,1,1
MI212P,+390266049534,1,1
MI213P,+390227307842,1,1
MI214P,+390240130392,1,1
MI215P,+39022531101,1,1
MI216P,+39022541678,1,1
MI217P,+39029779434,1,1
MI218P,+39026192776; +390264085439,2,2
MI219P,+390266302411,1,1
MI220P,+390235992802,1,1
MI221P,+390293569079,1,1
MI222P,+39024409901; +39024471858,2,2
MI223P,+390331432181,1,1
MI224P,+39029085049,1,1
MI225P,+39029085684; +39029086333,2,2
MI226P,+39029955236; +39029954667,3,3
MI227P,+390246511325,1,1
MI228P,+39029955965,1,1
MI229P,+390295781894,1,1
MI230P,+39029513133,1,1
MI231P,+390295300205; +39029513400,5,5
MI232P,+39029787097,1,1
MI233P,+39029549760,1,1
MI234P,+39029008124,1,1
MI235P,+39029370816,1,1
MI236P,+390293255043,1,1
MI237P,+390331542676; +390331441051; +390331440049,6,6
MI238P,+390331547474,1,1
MI239P,+390331448610,1,1
MI240P,+390331594054,1,1
MI241P,+3903311839465,1,1
MI242P,+390331442066,1,1
MI243P,+390331548551,1,1
MI244P,+390331546116,1,1
MI245P,+39029079250,1,1
MI246P,+390297298276,3,3
MI247P,+390331658305,1,1
MI248P,+390331658347,1,1
MI249P,+39029760766,1,1
MI250P,+39029760470,1,1
MI251P,+390227013076,1,1
MI252P,+39029834057,5,5
MI253P,+390241402918,1,1
MI254P,+39029832038,1,1
MI255P,+390295527611,3,3
MI256P,+390239197167,1,1
MI257P,+390290000236,1,1
MI258P,+390331587409,1,1
MI259P,+39023541440,1,1
MI260P,+39023564761,1,1
MI261P,+390290380209,1,1
MI262P,+39029182061,1,1
MI263P,+39029181788,1,1
MI264P,+390252519942,1,1
MI265P,+39029182103,1,1
MI266P,+390267179108,1,1
MI267P,+390331555354,1,1
MI268P,+390331552288,1,1
MI269P,+390331552393,1,1
MI270P,+390331551317,2,2
MI271P,+390238100089,1,1
MI272P,+39025470474,1,1
MI273P,+390292867972,1,1
MI274P,+39025470088,1,1
MI275P,+39029504596,1,1
MI276P,+390290784662,1,1
MI277P,+39029269595,1,1
MI278P,+390292102398,1,1
MI279P,+39029341144,1,1
MI280P,+390293256397,2,2
MI281P,+390293290209,1,1
MI282P,+390331576524,1,1
MI283P,+39029301248,1,1
MI284P,+390293903006,1,1
MI285P,+390293903595,1,1
MI286P,+39029309651,1,1
MI287P,+39029309255,1,1
MI288P,+390293180988,1,1
MI289P,+39029306461,4,4
MI290P,+393357024112,1,1
MI291P,+39029470717,1,1
MI292P,+39025569231,3,3
MI293P,+390331402174,1,1
MI294P,+39029845342,1,1
MI295P,+39029880047,1,1
MI296P,+390297271181,1,1
MI297P,+390298870259,1,1
MI298P,+39022131018,1,1
MI299P,+390299050209,1,1
MI300P,+390226265282,3,3
MI301P,+390222470685,2,2
MI302P,+39022483006,1,1
MI303P,+390295770406,1,1
MI304P,+39023284826,1,1
MI305P,+39023284726,1,1
MI306P,+39023281338,1,1
MI307P,+39023287575,1,1
MI308P,+39029690114,1,1
MI309P,+39029690098,1,1
MI310P,+390290961505,1,1
MI311P,+393388500935,1,1
MI312P,+390331899101,1,1
MI313P,+390331658477,1,1
MI314P,+39029340205,1,1
MI315P,+39029056453,1,1
MI316P,+39029566356,1,1
MI317P,+390331430309,1,1
MI318P,+39029021854,1,1
MI319P,+39029831865,1,1
MI320P,+390331548656,1,1
MI321P,+390227207728,3,3
MI322P,+390248195048,1,1
MI323P,+390254121834,2,2
MI324P,+390288440224,1,1
MI325P,+390248750194,1,1
MI326P,+39026194121,1,1
MI327P,+390248750008; +390299990095,3,3
MI328P,+390331800310,1,1
MI329P,+390292101538,1,1
MI330P,+39023510281,1,1
MI331P,+39023510984,1,1
MI332P,+390289500893; +390236597495,2,2
MI333P,+390297298777,1,1
MI334P,+39029440318,1,1
MI335P,+390289305579,1,1
MI336P,,1,0
MI337P,+39022131516,1,1
MI338P,+390249530147,2,2
MI339P,+390236538511; +390236538515,4,4
MI340P,+390264486966,1,1
MI341P,+390290390905,1,1
MI342P,+390292101552,1,1
MI343P,+390222470876,2,2
MI344P,+390236592694,5,5
MI345P,+390226826650,1,1
MI346P,+39025230555,1,1
MI347P,+39022822754,2,2
MI348P,+390248196138,1,1
MI349P,+390289546974,1,1
MI350P,+390331182520; +390331182530; +390331182540; +390296380251,4,4
MI351P,+39029185589,2,2
MI352P,+39026196251,2,2
MI353P,+390297271647,1,1
MI354P,+39029235916,2,2
MI355P,+390299482721,1,1
MI356P,+39027389504,1,1
MI357P,,1,0
MI358P,+390248843736,1,1
MI359P,+39025456936,5,5
MI360P,+3902676271,8,8
MI361P,+390248100432; +390243981658,2,2
MI362P,+390255231235,2,2
MI363P,+390266117449,2,2
MI364P,+390287235414,2,2
MI365P,+39029384394,2,2
MI366P,+390250308727,1,1
MI367P,+390270006580,4,2
MI368P,+390297271647,1,1
MI369P,+390331553449,1,1
MI370P,+39029302371,1,1
MI371P,+39029465980,1,1
MI372P,+3902262921,5,5
MI373P,+390259901448; +390255195153,7,7
MI374P,+3902483110246,2,2
MI375P,+390248843736,1,1
MI376P,+390239214135,3,3
MI377P,+39025453975,2,2
MI378P,+390288441393; +390288446224,2,2
MI379P,+39029515645,2,2
MI380P,+39023315414,3,3
MI381P,+39026071981,4,4
MI382P,+390229409829,4,4
MI383P,+390292100652,1,1
MI384P,,1,0
MI385P,+393270473103,1,1
MI386P,+390284243968,1,1
MI387P,+3902780517,3,3
MI388P,+39029189475,2,2
MI389P,+390258314718,1,1
MI390P,+390257968301,1,1
MI391P,+390255011914,1,1
MI392P,+390269008178,1,1
MI393P,+390286453407,1,1
MN001P,,1,0
MN002P,+39037670266,1,1
MN003P,+393755491910,1,1
MN004P,+390376639747,1,1
MN005P,+393755491910,1,1
MN006P,+39037687048,1,1
MN007P,+390376927241,1,1
MN008P,+39037658309,1,1
MN009P,+39037654119,1,1
MN010P,+390376325446,1,1
MN011P,+390376224776,7,6
MN012P,+390376735005,1,1
MN013P,+393755491910,1,1
MN014P,+390376668131,1,1
MN015P,+39037552132,1,1
MN016P,+390375781275,1,1
MN017P,+393755491910,1,1
MN018P,+390376719066,1,1
MN019P,+390376531122,1,1
MN020P,+390376638062,1,1
MN021P,+390376439235,1,1
MN022P,+393755491910,1,1
MN023P,+390376370581,1,1
MN024P,+390376322177,1,1
MN025P,+390376328788,1,1
MN026P,+390376323648,1,1
MN027P,+390376303269,1,1
MN028P,+390376302191,1,1
MN029P,+393755491910,1,1
MN030P,+390376479710,2,2
MN031P,+390376903024,1,1
MN032P,+390376291681,2,2
MN033P,+390376854060,1,1
MN034P,+390376655449,1,1
MN035P,+390376638062,1,1
MN036P,+390376639848,1,1
MO001P,+390362560497; +390362561498,2,2
MO002P,+393666455457,1,1
MO003P,+390396901156,1,1
MO004P,+390362930297,1,1
MO005P,+39039615984,1,1
MO006P,+390362560763,1,1
MO007P,+390396884090,1,1
MO008P,+39036296042,1,1
MO009P,+390362995640,1,1
MO010P,+390362942117,1,1
MO011P,+390362942198,1,1
MO012P,+390392753390,1,1
MO013P,+39039303445,1,1
MO014P,+390362590703,1,1
MO015P,+390362911586,1,1
MO016P,+39036295101,1,1
MO017P,+390399152339,1,1
MO018P,+39039491864; +393381607768,2,2
MO019P,+39039870438,1,1
MO020P,+39039870127,1,1
MO021P,+39039695179,1,1
MO022P,+390295742367,1,1
MO023P,,1,0
MO024P,+390362987344; +390362987345,2,2
MO025P,+390362900136,1,1
MO026P,+390362903211,1,1
MO027P,+390296469280,1,1
MO028P,+390362501287,1,1
MO029P,+390362501315,1,1
MO030P,+390362504242,1,1
MO031P,+390362502902; +390362501809,2,2
MO032P,+39029660002,1,1
MO033P,+390296329062,1,1
MO034P,+39039692519,1,1
MO035P,+39039692050,1,1
MO036P,+390396363879,1,1
MO037P,+390362622518,1,1
MO038P,,1,0
MO039P,+390362309342,1,1
MO040P,+390362392305,1,1
MO041P,+390362626793,1,1
MO042P,+390362861488,1,1
MO043P,+390362850603,1,1
MO044P,+390362860632,1,1
MO045P,+390362850048,1,1
MO046P,+390362354585,1,1
MO047P,+390296320210,1,1
MO048P,+390362560359,1,1
MO049P,+39029960547,1,1
MO050P,+39039482510,1,1
MO051P,+39039482359,1,1
MO052P,+39039482488,1,1
MO053P,+39039482329,1,1
MO054P,+390396042172,2,2
MO055P,+39036270814; +39036272022,2,2
MO056P,+39039623077,1,1
MO057P,+390296320322,1,1
MO058P,+39039322833,1,1
MO059P,+39039363381,5,5
MO060P,+39039740470,5,5
MO061P,+39039839041,9,9
MO062P,+390392020063,1,1
MO063P,+390392310699,4,4
MO064P,+39039322688,6,6
MO065P,+39039795938,3,3
MO066P,+39039323837; +39039322134,3,2
MO067P,+390392028639,1,1
MO068P,+39039742465,2,2
MO069P,+390392180078,1,1
MO070P,+39039384430,1,1
MO071P,+39039380595,1,1
MO072P,+39039836358,1,1
MO073P,+39039835322,1,1
MO074P,+39039742831,1,1
MO075P,+39039740119,1,1
MO076P,+390392004288,1,1
MO077P,+39039831115,1,1
MO078P,+390392020939,1,1
MO079P,+39039737673,1,1
MO080P,+390396010127,1,1
MO081P,+390395989897,1,1
MO082P,+390362231089,1,1
MO083P,+393511960150,3,3
MO084P,+390362237670,1,1
MO085P,+390362320940,1,1
MO086P,+390362238296,1,1
MO087P,+390362230110,5,5
MO088P,+390362231390,1,1
MO089P,,1,0
MO090P,+390362504070,1,1
MO091P,+390362504674; +390362501918,2,2
MO092P,+390392011020,1,1
MO093P,+390396020693,1,1
MO094P,+390362970813,1,1
MO095P,+390362919917,1,1
MO096P,+390362997127,1,1
MO097P,+39039671378,1,1
MO098P,+39039671725,1,1
MO099P,+39039492545,1,1
MO100P,+390362911230,1,1
MO101P,+3903621919497,1,1
MO102P,+39039668749,1,1
MO103P,+390396081005,1,1
MO104P,+390392028770,1,1
MO105P,+390396820180,5,5
MO106P,+390396064545,1,1
MO107P,+393382258024,2,1
MO108P,+390362932352,1,1
MO109P,+390362621606,1,1
MO110P,+390362903873,3,3
MO111P,+390395987101,1,1
MO112P,+39039613391,2,2
MO113P,+39036270436,1,1
MO114P,+390362501672,2,2
MO115P,+390362235501,5,5
MO116P,+390362650873,2,2
MO117P,+39039380653; +3903621510594,3,3
MO118P,+393458347521,1,1
MO119P,+39039386038,4,4
MO120P,+390362991070; +3903621918057,6,6
MO121P,+390362231628,2,2
MO122P,+39039272861,1,1
MO123P,+39053591123,1,1
MO124P,+39053553003,1,1
MO125P,+39059908822,1,1
MO126P,+393387846638,1,1
MO127P,+39059904083,1,1
MO128P,+39059901510,1,1
MO129P,+39059909199,1,1
MO130P,+39059561719,1,1
MO131P,+390536830051,1,1
MO132P,+390536807962,2,2
MO133P,+390536885248,1,1
MO134P,+39053537333,1,1
MO135P,+39053522920,1,1
MO136P,+39053535563,1,1
MO137P,+39059660630,1,1
MO138P,+39059660602,1,1
MO139P,+39059662434,1,1
MO140P,+39059686690,1,1
MO141P,+39059558321; +39059550352,2,2
MO142P,+39059386037; +39059367975; +39059223153,8,8
MO143P,+39053673393,1,1
MO144P,+39059931205,1,1
MO145P,+39059930066,1,1
MO146P,+39053662412,1,1
MO147P,+39053584160,1,1
MO148P,+39059784116,1,1
MO149P,+390536872265,1,1
MO150P,+39059987103,1,1
MO151P,+39059251457,1,1
MO152P,+39059442405; +39059340932; +390598772978,6,6
MO153P,+39059360357,1,1
MO154P,+39059318757; +39059359346; +39059848088,3,3
MO155P,+39059251405,1,1
MO156P,+39059311131,1,1
MO157P,+39059310148,1,1
MO158P,+39059235166,2,2
MO159P,+39059301482,2,2
MO160P,+39059238006,1,1
MO161P,+390536940056,1,1
MO162P,+39059236069,1,1
MO163P,+39059354558,1,1
MO164P,+39059353252; +39059353307,2,2
MO165P,+39059331492,1,1
MO166P,+39059214137,2,2
MO167P,+39059510287,1,1
MO168P,+393311143491,1,1
MO169P,+39059358495,1,1
MO170P,+39059366491,1,1
MO171P,+39059469116,1,1
MO172P,+393299827814,2,2
MO173P,+39059663056,1,1
MO174P,+39059333284,1,1
MO175P,+39059849207; +39059334104,2,2
MO176P,+39059392150,2,2
MO177P,+39059353106,1,1
MO178P,+39059354515,1,1
MO179P,+39059350267,1,1
MO180P,+39059281398,1,1
MO181P,+39059367737,1,1
MO182P,+39059282116,1,1
MO183P,+39059394209,1,1
MO184P,+39059300065,1,1
MO185P,+39059664015,1,1
MO186P,+39059937183,1,1
MO187P,+39059926249,1,1
MO188P,,1,0
MO189P,+39059772778,1,1
MO190P,+39059306148,1,1
MO191P,+39059554547,1,1
MO192P,+39059557793,1,1
MO193P,+39053555125,1,1
MO194P,+39059549061,1,1
MO195P,+393451749968,1,1
MO196P,+39059791455,1,1
MO197P,+39059790060,1,1
MO198P,,1,0
MO199P,+39059530407,1,1
MO200P,+39059688124,3,3
MO201P,+39059851787; +39059686969; +39059660566,3,3
MO202P,+39059526055,1,1
MO203P,+39059460250,1,1
MO204P,+39059670505,1,1
MO205P,+39059681828,1,1
MO206P,+39059692089,1,1
MO207P,+39059642627,1,1
MO208P,+39059280271,1,1
MO209P,+39059395319,1,1
MO210P,+393383464500,1,1
MO211P,,1,0
MO212P,+39059469940,1,1
MO213P,+390592153760; +390598386369; +393703787168,3,3
MO214P,+390536921200,1,1
MO215P,+390598831511,1,1
MO216P,+390599910788,2,2
MO217P,+39059822172,1,1
MO218P,+39059551904,1,1
MO219P,,1,0
MO220P,+390536873859; +390536824037,3,3
MO221P,+39059222690,3,3
MO222P,+390596229352,1,1
MO223P,+39059235037,1,1
MS001P,+39058541367,2,2
MS002P,+393791884582,1,1
MS003P,+390585241282,1,1
MS004P,+390585869242,1,1
MS005P,+390585252644,1,1
MS006P,+39058570218,1,1
MS007P,+390585858101,1,1
MS008P,,1,0
MS009P,+39058541715,2,2
MS010P,,1,0
MS011P,+390187830549,1,1
MS012P,+390585858337,1,1
MT001P,+390835536253,1,1
MT002P,+390835953038,1,1
MT003P,+390835721173,1,1
MT004P,+390835581307,1,1
MT005P,+390835726212,1,1
MT006P,+390835336451,2,2
MT007P,+390835533106,1,1
MT008P,+390835319782,1,1
MT009P,+3908351970434,1,1
MT010P,+393289626823,1,1
MT011P,+390835973432,1,1
NA001P,+390815434263,1,1
NA002P,+3908118373519,2,2
NA003P,+390818811369,2,2
NA004P,+390818717643,1,1
NA005P,+390816134374,2,2
NA006P,+390813442904,2,2
NA007P,+390815725604,2,2
NA008P,+390812355095,1,1
NA009P,+393345362134,1,1
NA010P,+390812356153,2,2
NA011P,+390818442081,1,1
NA012P,+390818273934,1,1
NA013P,+390817955751; +390817676724,2,2
NA014P,+390817420149,2,2
NA015P,+393493926270,1,1
NA016P,+390818271310,1,1
NA017P,+390818423036,2,2
NA018P,+390818932444,5,5
NA019P,+390818024086,1,1
NA020P,+3908119172467,1,1
NA021P,+39081640211,2,2
NA022P,+390818504397,1,1
NA023P,+390817410875,2,2
NA024P,+390817410287,1,1
NA025P,+390817955734,1,1
NA026P,+390817955613,1,1
NA027P,+390815781366,1,1
NA028P,+390818577329,4,3
NA029P,+390817145143,2,2
NA030P,+390818811924,2,2
NA031P,+390817583444,1,1
NA032P,+390817572922,1,1
NA033P,+390817573738,2,2
NA034P,+39081401986; +390815783121,7,7
NA035P,+390817955802,1,1
NA036P,+390818185155; +390818952412,3,3
NA037P,+390817663085,1,1
NA038P,+390817266218,1,1
NA039P,+390818951276; +3908108951276,2,2
NA040P,+390815064449,2,2
NA041P,+390813503199,2,2
NA042P,+390815069115,2,2
NA043P,+390818952826,2,1
NA044P,+390815063763,2,2
NA045P,+390818954488,2,2
NA046P,+390818423059,2,2
NA047P,+390815522998,1,1
NA048P,+390812396815; +3908118657223,4,4
NA049P,+390815063081; +8105063081,2,2
NA050P,+390813381068,1,1
NA051P,+390815780197,1,1
NA052P,+390818262782; +390818263197,3,3
NA053P,+390815887869; +393355223246; +390818767159,8,8
NA054P,+390815123941,1,1
NA055P,+390818304640,2,1
NA056P,+390818833727,1,1
NA057P,+390815496998,1,1
NA058P,+390818833090,2,2
NA059P,+390817711377; +3908107711377,2,2
NA060P,+390818834528,1,1
NA061P,+390813302176; +3908108941494,2,2
NA062P,+390815468136; +815468136,3,2
NA063P,+390818656849,1,1
NA064P,+390818738096,2,2
NA065P,+390818363150; +390810154461; +390818040644,4,4
NA066P,+390817806751,2,2
NA067P,+390818613174,1,1
NA068P,+390812779134,1,1
NA069P,+39081444876,3,3
NA070P,+390816588352,1,1
NA071P,+390818370059,2,2
NA072P,+3908119560964; +390818819649,4,4
NA073P,+390815736209; +390815376209,2,2
NA074P,+390817373344,2,1
NA075P,+390817393063,2,2
NA076P,+390818832179,1,1
NA077P,+390818214177,1,1
NA078P,+390818291382,1,1
NA079P,+390818271800,1,1
NA080P,+390818371277,2,2
NA081P,+390815127192,1,1
NA082P,+390817623003,1,1
NA083P,+39081682821; +390817142728,2,2
NA084P,+390817311976; +390818369975,2,2
NA085P,+390815735874,2,2
NA086P,,2,0
NA087P,+390818703111,1,1
NA088P,+390818712959,2,2
NA089P,+390818715133,2,2
NA090P,+390818841366; +390818846544,3,3
NA091P,+390817673859; +390817672204,2,2
NA092P,+390815228551,1,1
NA093P,+390818391182,1,1
NA094P,+390817116271; +39081557230,2,2
NA095P,+390817803130,2,2
NA096P,+3908119542641,1,1
NA097P,+39081473068; +390815306892,12,5
NA098P,+390818760365,1,1
NA099P,+390818811438; +390818819649,2,2
NA100P,+398789105,2,2
NA101P,+398780031,1,1
NA102P,+390819229710,1,1
NA103P,+390818472291,2,1
NA104P,+390813192338,2,2
NA105P,+390815851597,2,2
NA106P,+390810608966,2,2
NA107P,+390815887065,2,2
NA108P,+390815884698,2,2
NA109P,+390817269665,2,2
NA110P,+393391734857,1,1
NA111P,+390817269350; +390815269008,3,2
NA112P,+390817646690; +390817644948,2,2
NA113P,+390812522254; +390812522248; +390812522262,5,5
NA114P,+390815780018; +390815603110,2,2
NA115P,+390815781512; +390815781644,5,5
NA116P,+390817400425,3,1
NA117P,+390817410855; +390817146012; +8107410855,8,8
NA118P,+390815435138,2,2
NA119P,+39081299408,2,2
NA120P,+390817955957,1,1
NA121P,+390817956970,1,1
NA122P,+390817955772,1,1
NA123P,+390817955790,1,1
NA124P,+390810202441,2,2
NA125P,+390815448779,2,2
NA126P,+390817414407,1,1
NA127P,+390817410352; +390818341093; +390818861943; +390818271630,8,5
NA128P,+390817805625,1,1
NA129P,+390817433742,2,2
NA130P,+390815496051,1,1
NA131P,+39081459898,2,2
NA132P,+390817955920,1,1
NA133P,+390815725783,1,1
NA134P,+390815729366,1,1
NA135P,+390815962503; +390815967353; +390815964882,3,3
NA136P,+390815615156,2,1
NA137P,+390815611241,2,2
NA138P,+390817590377,1,1
NA139P,+390815851722,1,1
NA140P,+390815561760,1,1
NA141P,+390817955760; +390817956955,2,2
NA142P,+39081455239; +8100455239,2,2
NA143P,+39081907042,1,1
NA144P,+390818543741,1,1
NA145P,+390818040791; +390815235801,3,3
NA146P,+390818045520,2,1
NA147P,+390815263717,2,2
NA148P,+390818042684,2,2
NA149P,+390818760270,2,2
NA150P,+390818765977,1,1
NA151P,+393401073495,1,1
NA152P,+390815872800; +3908105872800,2,2
NA153P,+390815860083,3,2
NA154P,+390815712126,2,2
NA155P,+390815712175; +39081571275,2,2
NA156P,+390817452277,2,2
NA157P,+390815714122; +390818945363,2,2
NA158P,+393471950942,1,1
NA159P,+390817122826; +8107122826,2,2
NA160P,+390815763218,2,2
NA161P,+390810602344,1,1
NA162P,+390818183796,2,2
NA163P,+390817451707,2,2
NA164P,+390817420670,2,2
NA165P,+3908119303682,2,2
NA166P,+393396478960; +390818339889,2,2
NA167P,+390817121760,1,1
NA168P,+390815067102,1,1
NA169P,+390818313192,2,2
NA170P,+390818305300,2,2
NA171P,+390818332448,2,2
NA172P,+390818317674; +390818343242,2,2
NA173P,+390818696424,2,2
NA174P,+390818691596,1,1
NA175P,+3908118337324,2,2
NA176P,+390818513394,2,1
NA177P,+390817577619,2,2
NA178P,+390817313015,2,2
NA179P,+390818954812,2,2
NA180P,+390817595853,2,2
NA181P,+390817598762,2,2
NA182P,+390815125215,1,1
NA183P,+393773678053,1,1
NA184P,+390818854382,1,1
NA185P,+390815208367,2,2
NA186P,+390818278066,1,1
NA187P,,2,0
NA188P,+390815288286,1,1
NA189P,+390818271530,1,1
NA190P,+390815292482,1,1
NA191P,+390818273974,1,1
NA192P,+390815052046,2,2
NA193P,+390817331135,3,3
NA194P,+390818971568; +390818971586,2,2
NA195P,+390812289637; +390819221574,2,2
NA196P,+3908118752528,1,1
NA197P,+3908119567611,1,1
NA198P,+397716083,1,1
NA199P,+390817396361,2,2
NA200P,+390819229593,1,1
NA201P,+390817766711,2,2
NA202P,+390817765442,2,2
NA203P,+390818818013,1,1
NA204P,+390818812190,1,1
NA205P,+390813768273,2,1
NA206P,+390818811010,2,2
NA207P,+390818717297,1,1
NA208P,+390818784803,2,2
NA209P,+390818783797,2,2
NA210P,+390815852088; +390817012529,2,2
NA211P,+390817955660,1,1
NA212P,+390817955716,1,1
NA213P,+3908119092331,2,1
NA214P,+393315033657,1,1
NA215P,+393209741363,1,1
NA216P,+393285315064,1,1
NA217P,+393391463698,1,1
NA218P,+390817955709,1,1
NA219P,+390810081640,1,1
NA220P,+390815312755,1,1
NA221P,+390815205044; +395205044,2,2
NA222P,+390818523569,2,2
NA223P,,1,0
NA224P,+390818691578,2,2
NA225P,+390810200490,1,1
NA226P,,2,0
NA227P,+390810030582,1,1
NA228P,+390818591517,1,1
NA229P,+393757097178,1,1
NA230P,+390818424466,2,2
NA231P,+390817583545,5,5
NA232P,+390817577375,2,2
NA233P,+390818711735,1,1
NA234P,+3908118207181; +398118207180,3,3
NA235P,+390818316118; +390818301007,2,2
NA236P,+390818313276,1,1
NA237P,+390817390500,2,2
NA238P,+393392843476,1,1
NA239P,+390815096530,1,1
NA240P,+390815091290,2,1
NA241P,+393338493059,1,1
NA242P,+390818355072,1,1
NA243P,+390815761322,1,1
NA244P,+390815191320,1,1
NA245P,+393392977084,1,1
NA246P,+390817111036,2,2
NA247P,+390817113377,1,1
NA248P,+390817114195,2,2
NA249P,+390817117231; +3908119139594,5,5
NA250P,+390818683062,2,2
NA251P,+390817122852,1,1
NA252P,+390815704103,2,2
NA253P,+393922858830,1,1
NA254P,+39081413184,2,2
NA255P,+390815453663,1,1
NA256P,+390817435912,2,2
NA257P,+390815448834,1,1
NA258P,+390812589061,1,1
NA259P,+3908182332219,1,1
NA260P,+390815101067; +39081965636,3,3
NA261P,+390815312073,2,2
NA262P,+390818562568,1,1
NA263P,+390818567172,1,1
NA264P,+390815264921,2,2
NA265P,+390818768403,1,1
NA266P,+390815286381,1,1
NA267P,+393393366917,1,1
NA268P,+390817333549; +393401382493,2,2
NA269P,+390817715968,2,2
NA270P,+390813388516,1,1
NA271P,+390813778938,1,1
NA272P,+390815318178,1,1
NA273P,+390818474595,1,1
NA274P,+390818621244,1,1
NA275P,+390818023093,1,1
NA276P,+390818188323,2,2
NA277P,+390815052024,1,1
NA278P,+393392897889,1,1
NA279P,+390817955719,1,1
NA280P,+390817955624,1,1
NA281P,+390817520365,1,1
NA282P,+390815591360; +390815727345; +390815723309,3,3
NA283P,+390817261924; +390815885824,2,2
NA284P,+390817595629,1,1
NA285P,+390817955651,1,1
NA286P,+390815438313; +390817011707,2,2
NA287P,+390817261102,1,1
NA288P,+390813300190,1,1
NA289P,+390818420743,1,1
NA290P,+390818577329,1,1
NA291P,+390815203737,2,2
NA292P,+390818861801,1,1
NA293P,+390815732627,1,1
NA294P,+3908118639880,1,1
NA295P,+390815842949,1,1
NA296P,+390818713780,1,1
NA297P,+390818721305,1,1
NA298P,+390818319097,3,3
NA299P,+390815096452,4,4
NA300P,+390815092706,1,1
NA301P,+390817424720,1,1
NA302P,+390818856752,1,1
NA303P,+390815864179,1,1
NA304P,+390817100411,2,2
NA305P,+39081644703; +390815782476,2,2
NA306P,+390815369189,1,1
NA307P,+390810489137,1,1
NA308P,+390818298519,1,1
NA309P,+390815867330,2,1
NA310P,+390815284276,1,1
NA311P,+390818339701,1,1
NA312P,+390815317550,1,1
NA313P,+390818622340,1,1
NA314P,,1,0
NA315P,+390818826930,1,1
NA316P,+393770997620,2,1
NA317P,+390817582080,2,2
NA318P,+390818841608,1,1
NA319P,+390818045498,1,1
NA320P,+390810734299,2,2
NA321P,+390818247107,1,1
NA322P,+390817767680,2,2
NA323P,+390818473172,1,1
NA324P,+390816128887,1,1
NA325P,+393496790872,1,1
NA326P,+393341936495,1,1
NA327P,+390818306017,1,1
NA328P,+390813301007,2,2
NA329P,,1,0
NA330P,+390815467392,1,1
NA331P,+390817031301,1,1
NA332P,+390817704391,1,1
NA333P,+39081403624,1,1
NA334P,+3908119802366,2,1
NA335P,+390818786117,2,1
NA336P,+390818188033,1,1
NA337P,+390818283278,1,1
NA338P,+390818993001,2,1
NA339P,+390815297290,1,1
NA340P,+390817731038,1,1
NA341P,+39081994708,1,1
NA342P,+390818717627,1,1
NA343P,+390818342783,1,1
NA344P,+390818700272,1,1
NA345P,+390818703883,1,1
NA346P,+390817382914,1,1
NA347P,+390815641305; +390815641306,2,2
NA348P,+390815723321,1,1
NA349P,+390815568643,1,1
NA350P,+390818971533,2,2
NA351P,+390815294223,1,1
NA352P,+393774692521,1,1
NA353P,+390813300453; +390815557230,2,2
NA354P,+390818299973,2,2
NA355P,+390818602590,1,1
NA356P,,1,0
NA357P,,1,0
NA358P,+390818352196; +393345321152,3,2
NA359P,+393397590598,1,1
NA360P,+390818861275,1,1
NA361P,+390815761749,2,2
NA362P,+390814421016,1,1
NA363P,+390815066780,1,1
NA364P,+3908119175641,1,1
NA365P,+390817773735,1,1
NA366P,+390817614633,1,1
NA367P,+390818036876,1,1
NA368P,+39081476303,2,2
NA369P,+3908119203334,1,1
NA370P,+390818701335,1,1
NA371P,+390815065527,1,1
NA372P,+39081426624,1,1
NA373P,+390815313148,3,3
NA374P,+390812241609,1,1
NA375P,+3908119818517,1,1
NA376P,+390815750465,1,1
NA377P,+390818953530,1,1
NA378P,,1,0
NA379P,+390818196398,2,2
NA380P,+390817267843,1,1
NA381P,+3908119507886,1,1
NA382P,+3908119092331,1,1
NA383P,,1,0
NA384P,+393346504207,1,1
NA385P,+390813047196,1,1
NA386P,+390812355543,1,1
NA387P,+3908119660628,1,1
NA388P,+393931938219,1,1
NA389P,+393347339691,1,1
NA390P,+390815091620,1,1
NA391P,,1,0
NA392P,+390818594340; +390818591748,2,2
NA393P,+393392255604,1,1
NA394P,+390817764655,2,1
NA395P,+393318204530,2,1
NA396P,+390817618622,1,1
NA397P,+390810489557,1,1
NA398P,+390813656865,1,1
NA399P,+390813301203,1,1
NA400P,,1,0
NA401P,+390815921897,1,1
NA402P,+390810635172,1,1
NA403P,+390818744151,1,1
NA404P,+3908118096773,1,1
NA405P,+390818995560,1,1
NA406P,+393933886056,1,1
NA407P,+390817049111,5,5
NA408P,+390818857250,1,1
NA409P,+393276060156; +393914629727,2,2
NA410P,+3908119259312,2,2
NA411P,+3908119245814,1,1
NA412P,+393428081065,2,2
NA413P,,1,0
NA414P,+393337939296,1,1
NA415P,+390817583497,1,1
NA416P,+393385639468,1,1
NA417P,+393926685123,1,1
NA418P,+390814617560,1,1
NA419P,+390814247645; +393894319144,2,2
NA420P,+390818333554,1,1
NA421P,+393474598810,1,1
NA422P,+3908118996839,1,1
NA423P,+3908119187343,1,1
NA424P,+393339313143,1,1
NA425P,+390815498456,1,1
NA426P,+390818602008,2,2
NA427P,+3908119515941,1,1
NA428P,+390818416021,1,1
NA429P,+393393474028,1,1
NA430P,+393282003600,1,1
NA431P,+390848796011,1,1
NA432P,+390818711060; +390818724445,6,6
NA433P,+39081119505865,1,1
NA434P,,2,0
NA435P,+393402344914,1,1
NA436P,+390818743988,1,1
NA437P,+39081404733,1,1
NA438P,+3908119259312,3,1
NA439P,+390810124412,1,1
NA440P,+390817754314,1,1
NA441P,+390818181187,2,2
NA442P,+393240823810,1,1
NA443P,,1,0
NA444P,+390815888965,1,1
NA445P,,1,0
NA446P,+3908119637043,1,1
NA447P,+390813300749,1,1
NA448P,+393927709114,1,1
NA449P,+390817703728,1,1
NA450P,+393273125587,1,1
NA451P,+390813300186,1,1
NA452P,+390815493446,1,1
NA453P,+390818945353,3,3
NA454P,+390815127192,1,1
NA455P,+390817117231,1,1
NA456P,,1,0
NA457P,+390818786117,1,1
NA458P,+815434263,1,1
NA459P,+39081473068,1,1
NA460P,+390818391182,1,1
NA461P,+390815091620,2,2
NA462P,,1,0
NA463P,+390817340711,1,1
NA464P,+390817122852,2,2
NA465P,+390818621244,1,1
NA466P,+390818717643,1,1
NA467P,+39081473068,1,1
NA468P,+390812779134,1,1
NA469P,+390817803130,1,1
NA470P,+390817113377,1,1
NA471P,+390810137895,1,1
NA472P,+390818523562,1,1
NA473P,+390818186379,1,1
NA474P,+390818602189,1,1
NA475P,+390815249422,1,1
NA476P,,1,0
NA477P,+390817577619,1,1
NA478P,+390812291611,5,5
NA479P,+390818189649,3,3
NA480P,+390815249422,1,1
NA481P,,3,0
NA482P,+390815223104,9,9
NA483P,+390817444097,5,5
NA484P,+390818637310,2,2
NA485P,,8,0
NA486P,+39081202204,4,4
NA487P,+3908118182022,2,2
NA488P,+818512088; +390818512088,3,3
NA489P,,7,0
NA490P,,2,0
NA491P,,3,0
NA492P,,6,0
NA493P,,3,0
NA494P,,3,0
NA495P,+390818715457,1,1
NA496P,+390817586008,3,3
NA497P,,5,0
NA498P,+39081272525,2,2
NA499P,+390818768908,5,5
NA500P,,3,0
NA501P,+390817113516,2,2
NA502P,+390818348327; +390818311720,8,5
NA503P,,2,0
NA504P,+390815122530,2,2
NA505P,+390813443636,2,2
NA506P,+390818232561,2,2
NA507P,+390818435756,2,2
NA508P,+390818045790; +390815882125,4,4
NA509P,,3,0
NA510P,+390819229144,2,2
NA511P,+390815126438,1,1
NA512P,,1,0
NA513P,,4,0
NA514P,+390810121925,2,1
NA515P,+390817765557,1,1
NA516P,,2,0
NA517P,+390818352754,2,2
NA518P,+390815294843,4,4
NA519P,+390818271992,1,1
NA520P,,3,0
NA521P,,3,0
NA522P,+390818237210,2,2
NA523P,+390813141331,1,1
NA524P,+393420908355; +393510446377,3,3
NA525P,+3908118816654,1,1
NA526P,+390816333419,2,2
NA527P,+390817576951,2,2
NA528P,+390815125350,2,2
NA529P,+390818853512,1,1
NA530P,+393393805437,1,1
NA531P,,3,0
NA532P,,2,0
NA533P,+390818790004,1,1
NA534P,+390818586507,1,1
NO001P,+390322243645,4,4
NO002P,+390322243622,1,1
NO003P,+39032246554,1,1
NO004P,+393349178431,1,1
NO005P,+39032198130,1,1
NO006P,+393889479682; +39032281547; +390324482657; +390323402350; +390324242249; +390323517890,10,10
NO007P,+39032190256,1,1
NO008P,+390321518481,1,1
NO009P,+390331972365,1,1
NO010P,+390321864889; +390321861679,2,2
NO011P,+39032197098,1,1
NO012P,+390321626140,1,1
NO013P,+390321623781,2,1
NO014P,+3903211591323,3,3
NO015P,+390321623289; +390163850116; +390163833461,4,4
NO016P,+393515538098,1,1
NO017P,+390321679524,1,1
NO018P,+390321629897,1,1
NO019P,+390321696315; +3903211828217; +39038490183; +390381988052; +390161393666,6,6
NO020P,+390321637053,1,1
NO021P,+390322969168,1,1
NO022P,+390321860256,1,1
NO023P,+390321820202,1,1
NO024P,+39032171269,1,1
NO025P,+390321965980,1,1
NO026P,+393791434081,1,1
NO027P,+39032197024,1,1
NO028P,+390321455040,2,2
NO029P,+390321477216,1,1
NO030P,+393209551002,1,1
NO031P,+39032170305,1,1
NO032P,+390321623259,2,2
NO033P,+390322847211,2,2
NO034P,+390321668611,2,2
NO035P,+390321628381,5,5
NU001P,,1,0
NU002P,+390784629232,1,1
NU003P,+390784415227,1,1
NU004P,+39078496116,1,1
NU005P,+39078457288,1,1
NU006P,+39078242320,1,1
NU007P,+39078430253,1,1
NU008P,,1,0
NU009P,,1,0
NU010P,+39078466216,1,1
NU011P,+39078476052,1,1
NU012P,+39078584226,1,1
NU013P,+393470642865,1,1
NU014P,+390784878042,1,1
NU015P,+393927666328,1,1
NU016P,+390782623206,1,1
NU017P,+393492633689,1,1
NU018P,,1,0
NU019P,+390784230290,1,1
OR001P,+393939094805,1,1
OR002P,+39078370602,2,2
OR003P,+39078555613,1,1
OR004P,+39078557701,1,1
OR005P,+393486375484,1,1
OR006P,+393481631369,1,1
OR007P,+390783405117,1,1
OR008P,+390783410461,1,1
OR009P,+39078356569,1,1
OR010P,+39078356569,1,1
OR011P,+39078357518,1,1
OR012P,+390783449001,1,1
OR013P,+39078532025; +39078534439,2,2
OR014P,+390785374876,1,1
PA001P,+390918661365,1,1
PA002P,+390921671266,1,1
PA003P,+390921421229,1,1
PA004P,+390917407410,1,1
PA005P,+390916817941,2,2
PA006P,+39091581058,1,1
PA007P,+39091475857,1,1
PA008P,+390916762494; +393332872504,3,3
PA009P,+39091528647,2,2
PA010P,,2,0
PA011P,+39091587728,2,2
PA012P,,1,0
PA013P,+39091401023,1,1
PA014P,+390917738647,2,2
PA015P,+39091302066,1,1
PA016P,+390916251753,2,2
PA017P,+390918571042,1,1
PA018P,+39091323297,1,1
PA019P,+390918781610,1,1
PA020P,+39091217985,1,1
PA021P,+390916815995,1,1
PA022P,,1,0
PA023P,+390918681218,1,1
PA024P,+39091422088,1,1
PA025P,+39091422006,2,2
PA026P,+390917655924,1,1
PA027P,+39091202803,2,1
PA028P,+39091203532,1,1
PA029P,+39091580576,1,1
PA030P,+390917907697,1,1
PA031P,+39091204118; +3909100204118,2,2
PA032P,+39091343166,1,1
PA033P,+390916881419,3,3
PA034P,+390916686919; +39091485984,2,2
PA035P,+393285618798; +393385601916,2,2
PA036P,+39091220643; +390916520440,7,6
PA037P,+390918725223,1,1
PA038P,+390916761146; +390916528484,2,2
PA039P,+39091203000; +390916810636,2,2
PA040P,+390916515617,1,1
PA041P,,1,0
PA042P,+390916403334,1,1
PA043P,+390916473643; +390916481274,2,2
PA044P,+39091518480,1,1
PA045P,+3909100486216; +39091486216,3,2
PA046P,+390916571466,1,1
PA047P,+390912513505,2,1
PA048P,+390918203238,1,1
PA049P,+390918217007,1,1
PA050P,+39091519252,1,1
PA051P,+39091598923,1,1
PA052P,+39091424631,2,2
PA053P,+390918463637,1,1
PA054P,+390918141050,1,1
PA055P,+390916717304,1,1
PA056P,+390912758809,1,1
PA057P,+390916484331,1,1
PA058P,+39091348200,1,1
PA059P,+39091445032,1,1
PA060P,+39091495436,1,1
PA061P,+390916735889,2,2
PA062P,+393397904654,1,1
PA063P,+390916885440,1,1
PA064P,+390916479390,1,1
PA065P,+393501906092,2,2
PA066P,+390917908686,2,2
PA067P,,1,0
PA068P,+393939407514,3,3
PA069P,+39091226208,2,2
PA070P,+39091915135,1,1
PA071P,+39091931808,1,1
PA072P,+390918724008,1,1
PA073P,+390921421195; +39092100021195,2,2
PA074P,+390918293553,1,1
PA075P,+390921644553,1,1
PA076P,+390918251125,1,1
PA077P,+390918113561,1,1
PA078P,+390916194018,1,1
PA079P,+390918682805,1,1
PA080P,+390916514027,2,2
PA081P,+390916885967,2,2
PA082P,+390916302724; +390915649872,2,2
PA083P,+390916817466,1,1
PA084P,+390916255252,1,1
PA085P,+390918668197,1,1
PA086P,+39091275296,1,1
PA087P,+390918691672,2,2
PA088P,+390918919374,1,1
PA089P,+390916375034,1,1
PA090P,+390919760096,1,1
PA091P,+390918693508,1,1
PA092P,+39091320824,1,1
PA093P,+393289082939,1,1
PA094P,+393315311163,1,1
PA095P,+39091454043,1,1
PA096P,+390916473366,1,1
PA097P,+390916143526,1,1
PA098P,+39091361434,1,1
PA099P,+393280707407,1,1
PA100P,+390912525883,1,1
PA101P,+39091486156,1,1
PA102P,+39091405002,1,1
PA103P,+390916523333,1,1
PA104P,+390918872872,1,1
PA105P,+393284656162,1,1
PA106P,+390921641346,1,1
PA107P,+393492216563,1,1
PA108P,+390918660603,1,1
PA109P,+39091423016,1,1
PA110P,+390916760335,1,1
PA111P,+390916402853,1,1
PA112P,+39091968459,1,1
PA113P,+393382286049,1,1
PA114P,+393276860777,1,1
PA115P,+39091516788,1,1
PA116P,+39091491928; +390916361281,2,2
PA117P,+390916890891,1,1
PA118P,+39091900990,1,1
PA119P,+39091520262,1,1
PA120P,+393281543334,1,1
PA121P,+390916471484,1,1
PA122P,+390916824367,1,1
PA123P,+390917542059,1,1
PA124P,+390916760275,1,1
PA125P,+39091966377,1,1
PA126P,,1,0
PA127P,,1,0
PA128P,+393203563121,1,1
PA129P,+390918613045,1,1
PA130P,+39335284547,2,1
PA131P,+393276236319,1,1
PA132P,,1,0
PA133P,,1,0
PA134P,+393515170796,1,1
PA135P,+390916890629,1,1
PA136P,,1,0
PA137P,+39091302093,5,3
PA138P,+390912526289,1,1
PA139P,,1,0
PA140P,+390918917680; +390918248294,2,2
PA141P,+390915081089,1,1
PA142P,+390916407981,1,1
PA143P,+393887357348,1,1
PA144P,+393203779172,1,1
PA145P,+390915072729,1,1
PA146P,+39091226198; +39091205039,2,2
PA147P,+39091534856,1,1
PA148P,+390916529381,1,1
PA149P,+393339218133,1,1
PA150P,+393391181375,1,1
PA151P,+390917721912; +393286466593,2,2
PA152P,+393271795254,1,1
PA153P,+393286371476,1,1
PA154P,,1,0
PA155P,+390915073291,1,1
PA156P,,1,0
PA157P,+390915080828,1,1
PA158P,+390918248892,1,1
PA159P,+393398941655,1,1
PA160P,+390916535802,2,2
PA161P,+39091625335,1,1
PA162P,+393207610547,1,1
PA163P,+393202832775,1,1
PA164P,+393287478015,1,1
PA165P,+390919803939,1,1
PA166P,+390916572052,1,1
PA167P,,1,0
PA168P,+390916511480,1,1
PA169P,,1,0
PA170P,+390915075139,1,1
PA171P,+39091223962,1,1
PA172P,+390912524367; +393471387501,2,2
PA173P,+39091226603,1,1
PA174P,+390912737369,1,1
PA175P,+393384414238,1,1
PA176P,+390917743409,1,1
PA177P,+390916155740,1,1
PA178P,+390917846770,1,1
PA179P,+393347954047,1,1
PA180P,+393924987917,1,1
PA181P,+390915081368,1,1
PA182P,+393383646929,1,1
PA183P,,1,0
PA184P,+390917781831,1,1
PA185P,+390917790027,2,1
PA186P,,1,0
PA187P,+393911814471,1,1
PA188P,+393287478015,1,1
PA189P,+393807961716,1,1
PA190P,+393335416576,1,1
PA191P,+390917838795,1,1
PA192P,+393339061034,1,1
PA193P,+390912525922,1,1
PA194P,+393349033898,1,1
PA195P,+39091220628,1,1
PA196P,+393343815112,1,1
PA197P,+390915089807,1,1
PA198P,+393382247919,1,1
PA199P,+393924142119,1,1
PA200P,+390917784123,5,3
PA201P,,1,0
PA202P,,1,0
PA203P,+390918430680,1,1
PA204P,+390915085343,1,1
PA205P,,1,0
PA206P,+393280918853,1,1
PA207P,+390917472455,1,1
PA208P,+393922005520,1,1
PA209P,+390915089861,1,1
PA210P,+9106162009; +390917655924,2,2
PA211P,+390916119192; +390916496609,4,4
PA212P,+39091361562,1,1
PA213P,,1,0
PA214P,+390916252056,4,4
PA215P,+390916816000,2,2
PA216P,+390918733004; +9108733004,2,2
PA217P,+39091961478,2,2
PA218P,,4,0
PA219P,,2,0
PA220P,+390918169803,1,1
PA221P,,1,0
PA222P,+390916881906,1,1
PA223P,,1,0
PA224P,,1,0
PA225P,+390918782066,2,2
PA226P,,1,0
PA227P,,1,0
PC001P,+390523330410,2,2
PC002P,+390523325686,2,2
PC003P,+390523842119,1,1
PC004P,+390523490996,1,1
PC005P,+390523480082,1,1
PC006P,+390523778367,1,1
PC007P,+390523859138,1,1
PC008P,+390523769231,1,1
PC009P,+390523949190,1,1
PC010P,+390523451110,1,1
PC011P,+390523614385,1,1
PC012P,+390523788707,1,1
PC013P,+390523947170,1,1
PC014P,+390523870368,1,1
PC015P,+390523875191,1,1
PC016P,+390523863267,1,1
PC017P,+390523862446,1,1
PC018P,+393517584680,1,1
PC019P,+390523558165,1,1
PC020P,+390523371248,1,1
PC021P,+390523712821,1,1
PC022P,+390523983171,1,1
PC023P,+390523827275,1,1
PC024P,+393498284931,1,1
PC025P,+390523836423,1,1
PC026P,+390523837777,1,1
PC027P,+390523823496,1,1
PC028P,+393892614423,1,1
PC029P,+390523320722,1,1
PC030P,+3905231613089,1,1
PC031P,+390523315810,1,1
PC032P,+390523788766,2,2
PC033P,+390523506128,1,1
PC034P,+390523353632,2,2
PC035P,+390523755080,4,4
PC036P,+390523325686,1,1
PD001P,+390498600028,1,1
PD002P,+390498666210,1,1
PD003P,+390499425600,1,1
PD004P,+390498668122,1,1
PD005P,+393888560670,1,1
PD006P,+39049710629,1,1
PD007P,+390495960103,1,1
PD008P,+39049767662,1,1
PD009P,+39049641088,1,1
PD010P,+390499355297,1,1
PD011P,+390495790386,1,1
PD012P,+390425591130; +390495386050; +39042990970; +390498749936; +39049659665; +390429690690; +39042979025; +39049750079; +39049659695; +390498697777; +390499000130; +390498697704,16,13
PD013P,+390498860438,1,1
PD014P,+39049710329,1,1
PD015P,+390498860067,1,1
PD016P,+39049686211,1,1
PD017P,+39049711505,1,1
PD018P,+39049710024,1,1
PD019P,+393917943164,1,1
PD020P,+390495797003,1,1
PD021P,+393925248667,1,1
PD022P,+390495387030,1,1
PD023P,+39042989434,1,1
PD024P,+393513283052,1,1
PD025P,+390499000061,1,1
PD026P,+390495800102,1,1
PD027P,+390499000320,1,1
PD028P,+39042973000; +39042973169; +390758555770; +39072131704; +390721960853; +390624401750; +39063054791; +39062598941; +39066792245; +39069330347; +39063380984; +390689710285; +390666016275; +39063054767,27,25
PD029P,+390495380070,1,1
PD030P,+39049525033,1,1
PD031P,+39042975165,1,1
PD032P,+390425484818,1,1
PD033P,+39042981401,1,1
PD034P,+390495798316,1,1
PD035P,+390429535682,1,1
PD036P,+390495798389,1,1
PD037P,+390495798971,1,1
PD038P,+39049793349,1,1
PD039P,+390495806566,1,1
PD040P,+39049793370,1,1
PD041P,+390499735019,1,1
PD042P,+39049702004,1,1
PD043P,+39049625476; +390498727340; +390498727360,4,4
PD044P,+39049700766,3,3
PD045P,+39049552403,1,1
PD046P,+390495590266,1,1
PD047P,+390495564238,1,1
PD048P,+390495565225,1,1
PD049P,+393501439275,1,1
PD050P,+390495564138,1,1
PD051P,+390495564379,1,1
PD052P,+390499065481,1,1
PD053P,+390499065172,1,1
PD054P,+390495790080,1,1
PD055P,+390429653894,1,1
PD056P,+390498626875,1,1
PD057P,+390499555572,1,1
PD058P,,1,0
PD059P,+393282466709,1,1
PD060P,+390499915569,1,1
PD061P,+390499902973,1,1
PD062P,+390499401303,1,1
PD063P,+390495970277; +390444580038; +390444513561; +390457650253,11,11
PD064P,+390495971273; +390499401747,2,2
PD065P,+393398970398,1,1
PD066P,+390499422211,1,1
PD067P,+390490970329,1,1
PD068P,+390499445026,1,1
PD069P,+393520306912,1,1
PD070P,+393517585078,1,1
PD071P,+390495808079,1,1
PD072P,+390496455023,1,1
PD073P,+390498762186,2,2
PD074P,+390495591107,1,1
PD075P,+390498719055,1,1
PD076P,+390498455111; +390498654284,4,4
PD077P,+390499115724,1,1
PD078P,+39049600546,1,1
PD079P,+390499115010,1,1
PD080P,+3904293208,1,1
PD081P,+390495941498,1,1
PD082P,+39049600329,1,1
PD083P,+390499420121,1,1
PD084P,+39049619510,2,2
PD085P,+390495969042,1,1
PD086P,+390495965038,1,1
PD087P,+390499130927,1,1
PD088P,+39049606351; +390498647638; +39049601458; +39049614700; +39049704564; +39049773148; +39049754117; +390498010197; +39049620865; +390498205232,11,10
PD089P,+39049612832,2,2
PD090P,+39049713730,1,1
PD091P,+39042995060,1,1
PD092P,+390495591241,1,1
PD093P,+39049610071,2,2
PD094P,+390495590666,1,1
PD095P,+390499365103,1,1
PD096P,+390499350036,1,1
PD097P,+393341673813,1,1
PD098P,+390495841361,1,1
PD099P,+390495841933,2,2
PD100P,+39049612961; +39049718316,2,2
PD101P,+39049719476,1,1
PD102P,+39049625745,1,1
PD103P,+39049717499,1,1
PD104P,+390499910092,1,1
PD105P,+390499817651,1,1
PD106P,+39049631613,1,1
PD107P,+39049755686,1,1
PD108P,+390495747109,1,1
PD109P,+390495742061,1,1
PD110P,+390495741081,1,1
PD111P,+390499450707,1,1
PD112P,+390495790175,1,1
PD113P,+390499300447,1,1
PD114P,+390495952285,1,1
PD115P,+390429719065,1,1
PD116P,+390498685884,1,1
PD117P,+390498015128,1,1
PD118P,+390495991085,1,1
PD119P,+390495846274,1,1
PD120P,+390499702380,1,1
PD121P,+39049640265,1,1
PD122P,+39049640131,1,1
PD123P,+39049637404,1,1
PD124P,+390498987081,1,1
PD125P,+39049638155,1,1
PD126P,+393517784642,1,1
PD127P,+390429709588,1,1
PD128P,+39042595243,1,1
PD129P,+390499900357,1,1
PD130P,+393453340954,1,1
PD131P,+393519139942,1,1
PD132P,+390498702442,1,1
PD133P,+39049772754,1,1
PD134P,+390498021667,5,5
PD135P,+390498024048,1,1
PD136P,+39049850133,1,1
PD137P,+39049684422,1,1
PD138P,+390498801355; +393480929014; +390415241719; +39041721388,5,5
PD139P,+390495969449,1,1
PD140P,+390495993168,1,1
PD141P,+390495211077,1,1
PD142P,+390495211075; +39045562787,2,2
PD143P,+390499385090,1,1
PD144P,+390499378194,1,1
PD145P,+390499387793,1,1
PD146P,+390495796414,1,1
PD147P,+390499585036,1,1
PD148P,+390495089068,1,1
PD149P,+390498871095,1,1
PD150P,+39049767826,1,1
PD151P,+39049767519,1,1
PD152P,+39049700590,1,1
PD153P,+390498095066,1,1
PD154P,+390498095762,1,1
PD155P,+39049725780,1,1
PD156P,+39049646023,1,1
PD157P,+390498005389,1,1
PD158P,+390499325634; +390495952965,2,2
PD159P,+390495744064,1,1
PD160P,+390499050373,1,1
PD161P,+390499070088,1,1
PD162P,+390499075212,1,1
PD163P,+393491598046,1,1
PD164P,+390499220087,1,1
PD165P,+390499220318,1,1
PD166P,+390498803995,1,1
PD167P,+390499940190,1,1
PD168P,+390498022503,1,1
PD169P,+390498803233,1,1
PD170P,+39049715223,1,1
PD171P,+393485272233,1,1
PD172P,+39049620681,1,1
PD173P,+390498719494,1,1
PD174P,+390498751400,1,1
PD175P,+390499125049,1,1
PD176P,+390495590049,1,1
PD177P,+390498808024,1,1
PD178P,+390498736257; +390492270327,2,2
PD179P,+390498800361,1,1
PD180P,+390498974238,1,1
PD181P,+390496226035,1,1
PD182P,+390498725010,1,1
PD183P,+393346545423,1,1
PD184P,+390498733931,1,1
PD185P,+393356520367; +390415906968,2,2
PD186P,+390490983405,4,3
PD187P,+39042973258,3,3
PD188P,+390497355267; +390497355353; +390497355264,3,3
PD189P,+390498246911,4,4
PD190P,+39049605200,3,3
PD191P,+390498751151,1,1
PD192P,+390498730711,1,1
PD193P,+390499865073,3,3
PD194P,+390498647966,1,1
PD195P,+39049751977,1,1
PE001P,+39085974432,1,1
PE002P,+390859353846; +390858574212,2,2
PE003P,+393206431119,1,1
PE004P,+390854453901; +390854221441; +39065662165,4,4
PE005P,+390854450257,1,1
PE006P,+3908564551,3,3
PE007P,+39085411045,2,2
PE008P,+390854503876,1,1
PE009P,+390858884070,1,1
PE010P,+390854689133,1,1
PE011P,+3908536231,2,2
PE012P,+393497708340,1,1
PE013P,+393208011270,1,1
PE014P,+390854455103,1,1
PE015P,+390859218211; +3908563339,10,10
PE016P,+390721803734,1,1
PE017P,+390722580638,1,1
PE018P,+390721801402,2,2
PE019P,+390721208161; +390721281938; +390721412692; +390721392078; +390721405146; +390721405338; +3907213711179; +390721405337; +39072152655; +390721416392; +390721392076; +390721416313; +390721392077,13,13
PE020P,+390722345321,1,1
PE021P,+390722331092,1,1
PE022P,+393717674705,1,1
PE023P,+390721478055,1,1
PE024P,+390721860745; +390721803438; +390721802460; +390721866950,4,4
PE025P,+390721803561,1,1
PE026P,+390721400028,5,5
PE027P,+39072155207; +390721390041,2,2
PE028P,+39072130178,1,1
PE029P,+390721410029,1,1
PE030P,+393477888723,1,1
PE031P,+390721867521,1,1
PE032P,+390721855111,1,1
PE033P,+39072130178,1,1
PE034P,+390721801462,1,1
PG001P,+390758064631,1,1
PG002P,+390758038133,1,1
PG003P,+39074272392,1,1
PG004P,+390758550589,1,1
PG005P,+390759108259,2,2
PG006P,+390759660755,1,1
PG007P,+3907531041,1,1
PG008P,+3907540258; +39075974166; +3907543607; +390758942566; +39075827184,6,6
PG009P,+390755722131,1,1
PG010P,+390743261613,2,2
PG011P,+390758582224,1,1
PG012P,+390758745511,1,1
PG013P,+390758043258,1,1
PG014P,+390742260046,1,1
PG015P,+390759259210,1,1
PG016P,+390755003208,1,1
PG017P,+390758476492,1,1
PG018P,+39075603138,1,1
PG019P,+390755172054,1,1
PG020P,+390630810764,2,1
PG021P,+390758555922,1,1
PG022P,+390758593020,1,1
PG023P,,1,0
PG024P,+393757205365,1,1
PG025P,+390755052015; +390755847440; +390755731244,3,3
PG026P,+39075832047,1,1
PG027P,+39074267156,1,1
PG028P,+390759288190,1,1
PG029P,+3907535628; +390755724807,5,5
PG030P,+390759471123,3,3
PG031P,+390743221300,1,1
PG032P,+39074223946,1,1
PG033P,+390759471123,1,1
PG034P,+390755008668,3,3
PI001P,+39050553534,1,1
PI002P,+39058798177,1,1
PI003P,+390587609353,1,1
PI004P,+39050818324,1,1
PI005P,+39050855932; +390574590243,2,2
PI006P,+39058323699,1,1
PI007P,+393775084176; +390587707054; +39058323699; +390573556641; +390573595903,6,5
PI008P,+39050502245,2,1
PI009P,+390587697221,1,1
PI010P,+39050981506,1,1
PI011P,+393397260735,1,1
PI012P,+390587690649,1,1
PI013P,+39050799302,1,1
PI014P,+39050788025,1,1
PI015P,+39050960060,1,1
PI016P,+39050311055,1,1
PI017P,+39058886031,1,1
PI018P,+390571464034,1,1
PI019P,+39050570273,1,1
PI020P,+390587489049,1,1
PI021P,+39050701332,2,2
PI022P,+39057149562,1,1
PI023P,+39050700888,1,1
PI024P,+39050553039,4,4
PI025P,+3905029520,1,1
PI026P,+39050532588,1,1
PI027P,+390587616143,1,1
PI028P,+390587420178,1,1
PI029P,+39050532270,1,1
PI030P,+39050804100,2,2
PI031P,+39050775006,1,1
PI032P,+39050777123,1,1
PI033P,+390571466538,1,1
PI034P,+39057133487,1,1
PI035P,+39050741187,1,1
PI036P,+39050703468,1,1
PI037P,+390587420912,1,1
PI038P,+398756588,2,1
PI039P,+393465033683,1,1
PN001P,+390434660600,1,1
PN002P,+390434656008,1,1
PN003P,+390434631112,1,1
PN004P,+39042793412,1,1
PN005P,+390434647034,1,1
PN006P,+390434623393,1,1
PN007P,+390434627291,1,1
PN008P,+39043479013,1,1
PN009P,+39043486202,1,1
PN010P,+390434868630,1,1
PN011P,+390421333242; +39042786360; +390434644058; +390434699043; +390422766429; +390421462289,16,15
PN012P,+390434930390,1,1
PN013P,+39042777306,1,1
PN014P,+390434959092,1,1
PN015P,+390434959165,1,1
PN016P,+390434958088,1,1
PN017P,+39043499165,1,1
PN018P,+39043499186,1,1
PN019P,+39042771348,1,1
PN020P,+390434625130,1,1
PN021P,+390434626393,1,1
PN022P,+393299764560,1,1
PN023P,+390434921505,1,1
PN024P,+390434520676,1,1
PN025P,+39043443686,1,1
PN026P,+390434364310,1,1
PN027P,+390434363140,1,1
PN028P,+390434620181,1,1
PN029P,+39043494030,1,1
PN030P,+390434786001,1,1
PN031P,+390434780980,1,1
PN032P,+390434734130,1,1
PN033P,+39043471444,1,1
PN034P,+39042794050,1,1
PN035P,+39043491243,1,1
PN036P,+39043480225; +39043480263,2,2
PN037P,+39043480802,1,1
PN038P,+39043481942,1,1
PN039P,+390434842711,1,1
PN040P,+390434688094,1,1
PN041P,+39042751210,1,1
PN042P,+3904272990,1,1
PN043P,+39042790143,1,1
PN044P,+39043489094,1,1
PN045P,+390427976014,1,1
PN046P,+39042797249,1,1
PN047P,+39043497001,1,1
PN048P,+39043497187,1,1
PN049P,+390434364921,1,1
PN050P,+39043426390,4,4
PN051P,+390434383468; +390434383411,2,2
PN052P,,1,0
PO001P,+390574811177,2,2
PO002P,+390574811398,1,1
PO003P,+390574550098,1,1
PO004P,+390574631519,2,2
PO005P,+390574466754,2,2
PO006P,+390574593859,2,2
PO007P,+3905587775263; +3905587775253,2,2
PO008P,+390574798031,2,2
PO009P,+390574560756,1,1
PO010P,+3905741843505; +3905741843512; +390574465906; +390574720043; +390574466161; +3905741843501,6,6
PO011P,+390574433082,4,4
PO012P,+390574592178,2,2
PO013P,+390574811323,1,1
PO014P,+390574967860,1,1
PO015P,+390574475128,1,1
PO016P,+390574200899,2,2
PO017P,+390574593605,1,1
PR001P,+390521238848,3,3
PR002P,+390521929642; +390521781619; +390521897202,3,3
PR003P,+390521282102,1,1
PR004P,,1,0
PR005P,+3905252316,1,1
PR006P,+390521960409; +390521286055,2,2
PR007P,+390521463283,1,1
PR008P,+390521258890,5,4
PR009P,+390521031741; +390521218145; +390521218179; +390521218164; +390521218166; +390521218110; +390521218167; +390521218168; +390521218165; +390521218180; +390521218169; +390521218178,12,12
PR010P,+39052467326; +39052467265,3,3
PR011P,+390521681912,1,1
PR012P,+39052596463,1,1
PR013P,+390524522575,1,1
PR014P,+390521234330,1,1
PR015P,+390521658210,1,1
PR016P,+390521805334,1,1
PR017P,+39052571200,1,1
PR018P,,1,0
PR019P,+390521628534,1,1
PR020P,+390521629618,1,1
PR021P,+390521981715,1,1
PR022P,+390521783724,1,1
PR023P,+39052481088,2,2
PR024P,+393389410394,1,1
PR025P,+393480388008,1,1
PR026P,+390521694219,1,1
PR027P,+390521375568,1,1
PR028P,+390521818666,1,1
PR029P,+390521815990,1,1
PR030P,+390521630635,1,1
PR031P,+390521637481,1,1
PR032P,+390521872335,1,1
PR033P,+39052492372,1,1
PR034P,+39052492378,1,1
PR035P,+390525420588,1,1
PR036P,+390525412429,1,1
PR037P,+390521939128,1,1
PR038P,+390521878173,1,1
PR039P,+390521861176,1,1
PR040P,+390521842211,1,1
PR041P,+390521848316,1,1
PR042P,+390524578977,1,1
PR043P,+390521881275,1,1
PR044P,+390521600150,1,1
PR045P,+390521600150,1,1
PR046P,+390525999584,1,1
PR047P,+390521960274,3,3
PR048P,+390521697115,1,1
PR049P,+393663296591,1,1
PR050P,+390521234439,1,1
PR051P,+390524529091,1,1
PR052P,+390524578977,1,1
PR053P,+390524523592,1,1
PR054P,+393248039893,1,1
PR055P,+390521960430,2,2
PR056P,+390524512811,1,1
PR057P,+390521243575,1,1
PR058P,+390524574639,4,3
PR059P,+390521381411,4,4
PR060P,+390521841057,1,1
PT001P,+390574718198,1,1
PT002P,+390574718276,2,2
PT003P,+39057251390; +390572771481; +39057278015,5,5
PT004P,+390572453017,1,1
PT005P,+39057320024; +390573380064; +390573532315,4,4
PT006P,+39057326897,2,2
PT007P,+39057321589,5,5
PT008P,+390573544056,1,1
PT009P,+390573718652,1,1
PT010P,+390556533710,1,1
PT011P,+390573526436,1,1
PT012P,+39057346615; +39057343311; +390573451498; +390573453332; +39057323665; +390573472138; +390573401688,7,7
PT013P,+390572476984,1,1
PV001P,+393341882944,1,1
PV002P,+390382400470,1,1
PV003P,+39038361315,1,1
PV004P,+39038385060,1,1
PV005P,+39038276313,1,1
PV006P,+39038276129,1,1
PV007P,+39038270087,1,1
PV008P,+390382822825,1,1
PV009P,+390382967713,1,1
PV010P,+390382815250,1,1
PV011P,+39038264505,1,1
PV012P,+390384820290,1,1
PV013P,+39038277190,1,1
PV014P,+39038498323,1,1
PV015P,+39038449091,1,1
PV016P,+390382525719,1,1
PV017P,+390382439311,3,3
PV018P,+39038225390; +390382539553,3,3
PV019P,+39038221011; +39038287050,4,4
PV020P,+390384670338,1,1
PV021P,+39038271193,1,1
PV022P,+393388751548,1,1
PV023P,+390384800080,1,1
PV024P,+390382907761,1,1
PV025P,+39038267131,1,1
PV026P,+39038184264,4,4
PV027P,+39038182469; +390381692678,4,4
PV028P,+39038174552,1,1
PV029P,+390381299284,3,3
PV030P,+39038183633,1,1
PV031P,+39038182210,1,1
PV032P,+390382968144,1,1
PV033P,+39038347981; +390383214313,3,3
PV034P,+39038341439,2,2
PV035P,+39038291201,1,1
PV036P,+39038455200,1,1
PV037P,+39038376651,1,1
PV038P,+39038549956,1,1
PV039P,+390382967026,1,1
PV040P,+39038388162,1,1
PV041P,+39038221011,1,1
PV042P,+39038223108; +39038227347; +390382467854; +39038221771; +390382466033; +393402161304; +390382471071; +390382423073,8,8
PV043P,+390384673418,1,1
PV044P,+390384253015,1,1
PV045P,,1,0
PV046P,+393347008643,1,1
PV047P,+393494643969,1,1
PV048P,+3903821750422,1,1
PV049P,+390385277783,1,1
PV050P,+390383366011,1,1
PV051P,+390382527320,1,1
PV052P,+390381690087,1,1
PV053P,+39038346041,1,1
PV054P,+390382527320,1,1
PV055P,+390381690087,1,1
PV056P,+390382527363,5,5
PV057P,+39038176110,4,4
PV058P,+39038227730,5,5
PV059P,+390383649171,4,3
PV060P,+39038221011,1,1
PZ001P,+39097181023,1,1
PZ002P,+393483175586,1,1
PZ003P,+390973663086,1,1
PZ004P,+390973835018,1,1
PZ005P,+39097341342,1,1
PZ006P,+39097288363,1,1
PZ007P,+390973876235,1,1
PZ008P,+390971945017,1,1
PZ009P,+39097125052,2,2
PZ010P,+39097156390,1,1
PZ011P,,1,0
PZ012P,+39097122836; +390971774017,3,3
PZ013P,+390972760022,1,1
PZ014P,,1,0
PZ015P,+39097231122,1,1
PZ016P,+390972238451,1,1
PZ017P,+39097244124,1,1
PZ018P,+393248265366,1,1
PZ019P,+390972721151,1,1
PZ020P,+393803511078,1,1
PZ021P,+390971718002,1,1
PZ022P,+393204307229; +393470970119; +393891055408,5,5
RA001P,+393404993958,1,1
RA002P,+390544417373,1,1
RA003P,+390546606704,1,1
RA004P,+390544581519,1,1
RA005P,+390544580133,1,1
RA006P,+390544521451,1,1
RA007P,+390544213679,3,3
RA008P,+39054671016,1,1
RA009P,,1,0
RA010P,+39054574273,1,1
RA011P,+390544973620,1,1
RA012P,+390544534880,1,1
RA013P,+39054652153,1,1
RA014P,+390544401001,1,1
RA015P,+390544400252,1,1
RA016P,+39054461347,1,1
RA017P,+390544560568,1,1
RA018P,+390544212976,3,3
RA019P,+390545985818,1,1
RA020P,+39054581287,1,1
RA021P,+39054641105,1,1
RA022P,+39054545004,1,1
RA023P,+390544554065,1,1
RA024P,+39054622486; +39054630259; +39054621235,5,5
RA025P,+393703654073,1,1
RA026P,+39054522212; +39054523207,3,3
RA027P,+39054621933,1,1
RA028P,+390546639092,1,1
RA029P,+390545299180; +390545985896; +390545280936,3,3
RA030P,+390544528335,1,1
RA031P,+393349214454,1,1
RA032P,+39054467998,1,1
RA033P,+39054522786; +39054522068,4,4
RA034P,+39054570048,1,1
RA035P,+39054540157,1,1
RA036P,+39054550074,1,1
RA037P,+390544551265,1,1
RA038P,+390544951699,1,1
RA039P,+39054522048,1,1
RA040P,+390544521233,1,1
RA041P,+390544418837,1,1
RA042P,+390544533687,1,1
RA043P,+390544421342,1,1
RA044P,+390544437469,1,1
RA045P,+390544446443,1,1
RA046P,+390544421204,1,1
RA047P,+390544433264,1,1
RA048P,+39054464619,1,1
RA049P,+39054430390,1,1
RA050P,+39054463387,1,1
RA051P,+390544400753,1,1
RA052P,+390544213862,1,1
RA053P,+390544462315,1,1
RA054P,+390544450892,1,1
RA055P,+390544461286,1,1
RA056P,+390544463002,1,1
RA057P,+39054463560,1,1
RA058P,+390544521431,1,1
RA059P,+39054576130,1,1
RA060P,+393338009361,1,1
RA061P,+390544476767,1,1
RA062P,+39054628033,1,1
RC001P,+390965620672,1,1
RC002P,+39096551938,1,1
RC003P,+39096521649,2,2
RC004P,+390965893416,1,1
RC005P,+39096645538,1,1
RC006P,+390965761007,1,1
RC007P,+39096526524,1,1
RC008P,+39096522957; +390966995006; +390966337061; +390645424954,5,4
RC009P,+39096528130,1,1
RC010P,,1,0
RC011P,+390965762033,1,1
RC012P,+393356721729,1,1
RC013P,+393473485848,1,1
RC014P,+390966991875,1,1
RC015P,+393662707342,1,1
RC016P,+390964985055,1,1
RC017P,+390965620959,1,1
RC018P,+390965673207,3,3
RC019P,+39096420331; +39096421053,2,2
RC020P,+393200286452,1,1
RC021P,+390965596762,1,1
RC022P,+390965357328,1,1
RC023P,+390965781022,1,1
RC024P,+393792990150,1,1
RC025P,+390965357440,1,1
RC026P,,1,0
RC027P,,1,0
RC028P,+390965682899,1,1
RC029P,+39096552788,1,1
RC030P,+390965594787,1,1
RC031P,+393473465477,1,1
RC032P,+39096557496,2,2
RC033P,+390965626709,1,1
RC034P,+390965593404,1,1
RC035P,+393202470322,1,1
RC036P,+390965642833,1,1
RC037P,,1,0
RC038P,+3909651711711,1,1
RC039P,+390965301134,1,1
RC040P,,1,0
RC041P,+390965643958,1,1
RC042P,+390965640147; +390670301410,2,2
RC043P,+390964991037,1,1
RC044P,+39096523207,1,1
RC045P,+390965894649,1,1
RC046P,+390965644529,1,1
RC047P,+39096520130,1,1
RC048P,+39096521719,3,3
RC049P,+39096525510,1,1
RC050P,+393297158955,1,1
RC051P,+390964629048,1,1
RC052P,,1,0
RC053P,+393895339684,1,1
RC054P,+39096656150,2,2
RC055P,+390966500725,1,1
RC056P,+390965712055,1,1
RC057P,+39096686555,1,1
RC058P,+390966964051,1,1
RC059P,+3903395987259,1,1
RC060P,+39096520678,2,2
RC061P,+39096547778,1,1
RC062P,,1,0
RC063P,+390966774868,1,1
RC064P,+390965673508,1,1
RC065P,+390965811320,1,1
RC066P,+390965891810,1,1
RC067P,+393398273215,1,1
RC068P,+39096544541,1,1
RC069P,+390966371356,1,1
RC070P,+39096461254,1,1
RC071P,+390966473691,1,1
RC072P,+393401080439,1,1
RC073P,,1,0
RC074P,+390964381604,1,1
RC075P,+390965370356,1,1
RC076P,+390966411338,1,1
RC077P,+3909641960037,1,1
RC078P,+39096646688,1,1
RC079P,+3909651724984,1,1
RC080P,+390966935189,1,1
RC081P,+390965674240,1,1
RC082P,+39096526169,1,1
RC083P,+39096484065,1,1
RC084P,+393396668932,1,1
RC085P,,1,0
RC086P,+390964991621,1,1
RC087P,,1,0
RC088P,+393200898745,1,1
RC089P,+393408772143,1,1
RC090P,+393391592614,1,1
RC091P,+390965376638,1,1
RC092P,+393240755799,1,1
RC093P,+393400868832,1,1
RC094P,+390965654559,1,1
RC095P,+390965371520,1,1
RC096P,+390964310957,1,1
RC097P,+39096522405,1,1
RC098P,+390966473434,1,1
RC099P,+393924054594,1,1
RC100P,,1,0
RC101P,+390965680528,1,1
RC102P,+393407514725,1,1
RC103P,+393287371086,1,1
RC104P,,1,0
RC105P,+393420920712,1,1
RC106P,+393495937737,1,1
RC107P,+390966504025,1,1
RC108P,+3909651975022,1,1
RC109P,+3909651891389,1,1
RC110P,+390966504679,1,1
RC111P,,1,0
RC112P,+390965757287,1,1
RC113P,+390966931525,1,1
RC114P,,1,0
RC115P,+39096685044,1,1
RC116P,+390966940409,2,2
RC117P,,1,0
RC118P,+390964344854,1,1
RC119P,+39096521755,1,1
RC120P,+390965897873,1,1
RC121P,+390964311969,1,1
RE001P,+390522911113,1,1
RE002P,+390522889157,1,1
RE003P,+390522812354,1,1
RE004P,+390522824293; +390522218462,3,3
RE005P,,1,0
RE006P,+393534141734,1,1
RE007P,+390522626252,1,1
RE008P,+390522672349; +390522679302,2,2
RE009P,+390522952000,1,1
RE010P,+390522303635,1,1
RE011P,+390522952323,1,1
RE012P,+390522325201,1,1
RE013P,+390522383351,1,1
RE014P,+390522280654,1,1
RE015P,+390522683931; +390522917021,3,3
RE016P,+390522435807,2,2
RE017P,+39052294119; +390522304675; +390522308613; +390522552814; +390522550475; +390522551823; +390522287102; +390522454763; +390522283623; +390522437308; +390522531765; +390522513437; +390522511020; +390522950589; +390522294952; +390522285673; +390522286990; +390522307819,18,18
RE018P,+390522693442; +390522631177; +390522693266,3,3
RE019P,+390522857913,1,1
RE020P,+390522809342,1,1
RE021P,+390522398412,1,1
RE022P,+390522696344,1,1
RE023P,+390522849421,1,1
RE024P,+390522846285,2,2
RE025P,+390522846955,1,1
RE026P,+390522862412,2,2
RE027P,+390522875180,1,1
RE028P,+390522871351,1,1
RE029P,+390522883054,1,1
RE030P,+390522861859,1,1
RE031P,+390522881163,3,3
RE032P,+390522825160,1,1
RE033P,+390522824078,1,1
RE034P,+390522847328,1,1
RE035P,+390522975114,1,1
RE036P,+390522972255,1,1
RE037P,+390522976126,1,1
RE038P,+390522887231,1,1
RE039P,+390522886249,1,1
RE040P,+390522591668,1,1
RE041P,+390522609880,1,1
RE042P,+390522692782,5,5
RE043P,+390522858431,1,1
RE044P,+390536850271,1,1
RE045P,+390522816210,1,1
RE046P,+390522620957,2,2
RE047P,+390522828426,1,1
RE048P,+390522600174,1,1
RE049P,+390522698242,1,1
RE050P,+390522969292; +390522654198; +390522824434; +390522482070; +390522963721,5,5
RE051P,+390522969702,1,1
RE052P,+390522680103,1,1
RE053P,+390522989856,1,1
RE054P,+390522435888,1,1
RE055P,+390522965101,1,1
RE056P,+390536851768,1,1
RE057P,+390522856388,1,1
RE058P,+390522373479; +390522575357,2,2
RE059P,+390522666188,1,1
RE060P,+390522937575,1,1
RE061P,+390522657145,1,1
RE062P,+390522654434,1,1
RE063P,+3905221752913,1,1
RE064P,+390522878665,1,1
RE065P,+390522344119,1,1
RE066P,+390522342110,1,1
RE067P,+390522550087,1,1
RE068P,+390522550368,1,1
RE069P,+390522649820,1,1
RE070P,+390522669166,1,1
RE071P,+390522451011,3,3
RE072P,+390522678639,1,1
RE073P,+390522677592,1,1
RE074P,+390522677169,1,1
RE075P,+390522525438,1,1
RE076P,+390522436666,2,2
RE077P,+390522590229,1,1
RE078P,+390522435796,1,1
RE079P,+390522518735,1,1
RE080P,+390522820226,1,1
RE081P,+390522831166,1,1
RE082P,+390522831197,1,1
RE083P,+390522560215,1,1
RE084P,+390522515312,1,1
RE085P,+390522398214,1,1
RE086P,+390522674964,1,1
RE087P,+390522679722,1,1
RE088P,+390522282304,1,1
RE089P,+390522306857,1,1
RE090P,+390522857845,1,1
RE091P,+390522521780,1,1
RE092P,+390522750164; +390522952285; +390522550981,3,3
RE093P,+390522937363,2,2
RE094P,+393703513613,1,1
RE095P,+390522531568,1,1
RE096P,+390522283033,1,1
RE097P,+390522701312,1,1
RE098P,+390522378610,1,1
RE099P,+390522518714,1,1
RE100P,+393512292770,1,1
RE101P,+390522924252,1,1
RE102P,+390522527494; +390522524865,5,3
RE103P,+390522423155,3,2
RE104P,+390522671771,2,2
RG001P,+390932228508,1,1
RG002P,+390932255929,1,1
RG003P,+390932248076,2,2
RG004P,+393347938114,2,2
RG005P,+390932763731,1,1
RG006P,+390932967747,1,1
RG007P,+390932911106,1,1
RG008P,+390932981860,2,2
RG009P,+390932905510,2,2
RG010P,+393711310682,1,1
RG011P,+390932982060,1,1
RG012P,+390932931494,1,1
RG013P,+390932961644,1,1
RG014P,+393207613480,1,1
RG015P,+390932062153,1,1
RG016P,+390932981145,1,1
RG017P,+390932956563,1,1
RG018P,+393336332289,1,1
RG019P,+393929286517,1,1
RG020P,+393389409774,1,1
RG021P,+393349024207,1,1
RG022P,+393347938114,1,1
RG023P,+393345639234,1,1
RG024P,,1,0
RG025P,+393339718858,1,1
RG026P,+390932959571,1,1
RG027P,+390932941480,1,1
RG028P,+390932624037,1,1
RG029P,+390932621225,1,1
RG030P,+390932080088; +390932080726,3,3
RG031P,+390932988607,1,1
RG032P,+390932986116,2,2
RG033P,+390932966514,1,1
RG034P,+390932080726,1,1
RG035P,+390932725015,3,3
RG036P,+390932247888,2,2
RG037P,+390932721660,2,2
RG038P,+390932763724,1,1
RI001P,+390746200278,1,1
RI002P,+390746606042,1,1
RI003P,,1,0
RI004P,+390746287303,1,1
RM001P,+39069987997,1,1
RM002P,+39067910108,3,3
RM003P,+390623489341; +0652200288; +390652200288,3,3
RM004P,+390623230086,2,2
RM005P,+390695950525,1,1
RM006P,+39062417200; +390670491482; +39062014313,7,7
RM007P,+39069424153,4,4
RM008P,+39069913192,1,1
RM009P,+39062290847; +390666416144,3,3
RM010P,+39069330374,1,1
RM011P,+390695210050; +39065672123; +39065692301,16,14
RM012P,+39069353181,1,1
RM013P,+39069352934,2,2
RM014P,+390666152310,2,2
RM015P,+39066638795,3,3
RM016P,+39066636754,1,1
RM017P,+39064503930; +39064502845; +390641733886; +39064392151; +39064381166; +39064511760; +390639735278; +39065003821; +39065012492; +390695950511; +390695950502; +39064463225; +390658201435; +390658200651; +39066636002; +390639377550; +39065681902; +390686216644; +390652370853; +39068554697; +39068535044; +390685353759; +39064070388; +39064076335; +39064065681; +390637352114; +390695950823; +390665000851; +390655267853; +390672671435; +39065682496; +390656320018; +39063221254; +39068074360; +39068889910; +39063070586; +390695950801; +390695950804; +39063226539; +39068086136; +390695950530; +39065911677; +390695950922; +39064103197; +390695950522; +390695950501; +390695950509; +390695950521; +39067883001; +390671585300; +390679847660; +390679810127; +39067900190; +390695950828; +390695950806; +39067182624; +390633611795; +390695950912; +390686325932; +390686208391; +390695950809; +39067027546; +390695950911; +390695950811; +390695950505; +390695950931; +39065672400; +3906217049; +065349993; +390695950529; +39067017465; +390695950524; +390695950905; +390695950802; +390695951319; +390633610957; +390695950506; +390636304956; +390633229546; +390633611970; +390695950402; +065374173; +390695950825; +39065501549; +390695950507; +390695950808; +390695950807; +390695950527; +390695950803; +390695950510; +390695950901; +390695950902; +390695950827; +39067018488; +390636299336; +39064073571; +390687236364; +39064102631; +390695950504; +390695950528; +39065041776; +390650313352; +390633264986; +390695950540; +390695950829; +390695950508; +39063340180; +390630601219; +39066530396; +39065218182; +39065611660; +390695950909; +390695951205; +39065219647; +390695950933; +39064065033; +390669618681,248,119
RM018P,+39062050218,2,2
RM019P,+39068272602,2,2
RM020P,+39064396352,2,2
RM021P,+390643533151,1,1
RM022P,+390635451324,1,1
RM023P,+39066505641,1,1
RM024P,+39062050221; +39065593369; +39066270297; +39062053751,8,8
RM025P,+390661560684,1,1
RM026P,+390661560611,2,2
RM027P,+39065817657,1,1
RM028P,+39065818160,2,2
RM029P,+390774936310,1,1
RM030P,+39069066542,1,1
RM031P,+390690674365; +390690627530,2,2
RM032P,+390682000172,3,3
RM033P,+390635497606,2,2
RM034P,+390635343385,2,2
RM035P,+390666016881; +39067004203,2,2
RM036P,+390666560074,1,1
RM037P,+39066638793,1,1
RM038P,+39066620596; +3906636342,2,2
RM039P,+39068600019,2,2
RM040P,+39068537041,4,4
RM041P,+390686207503,5,5
RM042P,+390774335720,2,2
RM043P,+390774312330,1,1
RM044P,+39065650015; +39067027809,2,2
RM045P,+39069133281,1,1
RM046P,+390650910907,2,2
RM047P,+390695951241,1,1
RM048P,+390691014018,1,1
RM049P,+39077485235,1,1
RM050P,+39065662090; +39081917435,4,4
RM051P,+39065681897,1,1
RM052P,+390666000849; +39063720658,7,7
RM053P,+390639366599; +39045500398,5,5
RM054P,+39062184255,1,1
RM055P,+39069951217,1,1
RM056P,+39068440211,6,6
RM057P,+39069300269,1,1
RM058P,+39069059100,1,1
RM059P,+390774634936,1,1
RM060P,+390695950821,1,1
RM061P,+39065401257; +39064190050,6,6
RM062P,+39069320908,1,1
RM063P,+39069320176,2,2
RM064P,+390774503408,1,1
RM065P,+390774318279,1,1
RM066P,+39063337217; +39063337212,6,6
RM067P,+39063315091,1,1
RM068P,+390636298286,2,2
RM069P,+39065053693,2,2
RM070P,+39062052653; +390695950610; +390695950609; +390695950606; +390695950607; +390695950611; +390695950619; +390687082312,10,8
RM071P,+390765389006,1,1
RM072P,+39065037101,1,1
RM073P,+39065123996,1,1
RM074P,+39068070384,5,5
RM075P,+39063240344,3,3
RM076P,+3906322941,6,6
RM077P,+39069300516,2,1
RM078P,+39066146873; +39066530633; +39066280761,4,4
RM079P,+39065562668; +390630890863,3,3
RM080P,+39065376663,6,6
RM081P,+39069093244,2,2
RM082P,+39069580058,1,1
RM083P,+39067188697,2,2
RM084P,+39066535490,1,1
RM085P,+39066278759,3,3
RM086P,+3906543961,5,5
RM087P,+3906902271,6,5
RM088P,+39063038122,1,1
RM089P,+390686206639,1,1
RM090P,+390620976431,3,3
RM091P,+390641469554; +3907741732599,2,2
RM092P,+39062596324,3,3
RM093P,+39067803271,2,2
RM094P,+39067809092,1,1
RM095P,+39067013989,3,3
RM096P,+390671582286,3,3
RM097P,+390679845389,1,1
RM098P,+39067194060,2,2
RM099P,,1,0
RM100P,+390651600157,3,3
RM101P,+39065803231,2,2
RM102P,+39065803668,1,1
RM103P,+39065110160,1,1
RM104P,+390630890822,1,1
RM105P,+390633247961,1,1
RM106P,+39067214051,1,1
RM107P,+390645426706,3,3
RM108P,+393884703189; +39393389473699,2,2
RM109P,,2,0
RM110P,+39067188250,2,1
RM111P,+39068181270,3,3
RM112P,+39067726561,4,4
RM113P,+39065022411; +39065011247; +39065012451,3,3
RM114P,+065810866; +39065810866,2,2
RM115P,+390652350179,2,1
RM116P,+39063010571,1,1
RM117P,+39065190102,7,6
RM118P,+39064873185,1,1
RM119P,+39063058040,2,2
RM120P,+390687136555,2,2
RM121P,+390666514973,1,1
RM122P,+390666155578,1,1
RM123P,+39068622571,5,4
RM124P,+39065370456,2,2
RM125P,+390644233812,2,2
RM126P,+390668801325; +390668802655,6,6
RM127P,+3906538292,3,3
RM128P,+3906290332,2,2
RM129P,+39062280168,3,3
RM130P,+390687120266,1,1
RM131P,+39065412847,1,1
RM132P,+39066240710,2,1
RM133P,,3,0
RM134P,+390636304658; +39064073185,3,2
RM135P,+3906302831,7,7
RM136P,+39063052586; +39063052856,6,4
RM137P,+390639721858; +390639725670,2,2
RM138P,+39067188138; +39067184277,5,5
RM139P,,1,0
RM140P,+39067188543,2,2
RM141P,+390661562182,2,1
RM142P,+39068170232,1,1
RM143P,+390644246567,5,5
RM144P,+39062591074; +39062594079,3,3
RM145P,+390666415879; +390644292551; +390644239356,7,7
RM146P,+390695950830,1,1
RM147P,+390695950940,4,1
RM148P,+390695950311,1,1
RM149P,+390695952040,1,1
RM150P,+3906544221542,1,1
RM151P,+390648919642,1,1
RM152P,+390620761071,1,1
RM153P,+390630812741,2,2
RM154P,+390670494521,3,3
RM155P,+3906260333,3,3
RM156P,+390661561888,1,1
RM157P,+390621701549,3,3
RM158P,+390665745346,2,1
RM159P,+39065672404,2,1
RM160P,+39067027574,2,2
RM161P,+39065812747,3,3
RM162P,+390633260331,2,2
RM163P,+390652350114,2,1
RM164P,+39066147517,2,2
RM165P,+390690080074,1,1
RM166P,,1,0
RM167P,+390691620083,1,1
RM168P,,1,0
RM169P,,2,0
RM170P,+39069846200,2,2
RM171P,+39067910055,1,1
RM172P,,1,0
RM173P,+39069409320,3,3
RM174P,+39069411900,1,1
RM175P,,1,0
RM176P,+39069387198,2,2
RM177P,+39069387153,1,1
RM178P,,1,0
RM179P,+39069004338,1,1
RM180P,+39069880988,1,1
RM181P,+39069880938,2,2
RM182P,+390766533830; +390766520182,2,2
RM183P,+390774530342; +390774380315,3,3
RM184P,+390774354226,1,1
RM185P,+390695993056,1,1
RM186P,+39069630229,2,2
RM187P,+39069620055,1,1
RM188P,+39067615426,2,2
RM189P,,1,0
RM190P,+390665000061,1,1
RM191P,+39065743432,2,2
RM192P,+390633613714,1,1
RM193P,+390627860828,2,2
RM194P,+39065003336,1,1
RM195P,+390647927899,1,1
RM196P,+39065622604,1,1
RM197P,+390652311544,1,1
RM198P,+390661774278,1,1
RM199P,+390774373206,1,1
RM200P,+390694315307,3,3
RM201P,+39069878778,3,3
RM202P,+39076622866,2,2
RM203P,+39069880827,1,1
RM204P,+39062026608,1,1
RM205P,+39068176835; +390687193544,2,2
RM206P,+390671546419,3,2
RM207P,+39063215028,1,1
RM208P,+39068844979,1,1
RM209P,+390766590563,1,1
RM210P,+39066240607; +39066140307,3,3
RM211P,+390671355509,1,1
RM212P,,1,0
RM213P,+390687190918,2,2
RM214P,+39067803264,2,2
RM215P,+390661909079,1,1
RM216P,+390695950924,1,1
RM217P,+390670033899; +390670033777,6,5
RM218P,+39063314214,1,1
RM219P,+390661662339,1,1
RM220P,+390622460408,1,1
RM221P,+390695950719,1,1
RM222P,+39067911301,1,1
RM223P,+390665210797; +390665210723; +390665210836,3,3
RM224P,+390774345216,1,1
RM225P,+390690626638,1,1
RM226P,+39069061174,1,1
RM227P,+390665210757,1,1
RM228P,+39069158444,1,1
RM229P,+390665210794,1,1
RM230P,+390671546666,1,1
RM231P,,1,0
RM232P,+390679846866,2,2
RM233P,+390641222128,1,1
RM234P,+39065623633,1,1
RM235P,+390650934013,1,1
RM236P,,1,0
RM237P,+39069158976,1,1
RM238P,,1,0
RM239P,+390644207600,2,2
RM240P,+39065943017,1,1
RM241P,+39067477552,1,1
RM242P,+390687193608; +0687193608,2,2
RM243P,+390666183716,1,1
RM244P,+39065650491,1,1
RM245P,+39065685656,1,1
RM246P,+393756353533,1,1
RM247P,+390774345145,1,1
RM248P,+393208723754,1,1
RM249P,+39063380791,1,1
RM250P,+390684482650,2,1
RM251P,+39069350803,1,1
RM252P,,1,0
RM253P,+390666416528,1,1
RM254P,,1,0
RM255P,+39065693282,1,1
RM256P,+39065910339,1,1
RM257P,+39069323934,1,1
RM258P,+393342451439,1,1
RM259P,+390689689548,1,1
RM260P,,1,0
RM261P,+390695185524,1,1
RM262P,+390774571577,1,1
RM263P,+390688921650,1,1
RM264P,+390624305331; +3906243053312,5,5
RM265P,+39062419305; +39062026608,4,4
RM266P,+393923619078,1,1
RM267P,,1,0
RM268P,+390630891235,1,1
RM269P,,1,0
RM270P,+390622793098,1,1
RM271P,+390774358267,1,1
RM272P,,1,0
RM273P,+390688920051,1,1
RM274P,+390640418655,2,2
RM275P,+39065406325,1,1
RM276P,+390766395422,1,1
RM277P,+390689533405,2,2
RM278P,,1,0
RM279P,+390695950718,1,1
RM280P,+393384262373,1,1
RM281P,,1,0
RM282P,+393209258000,1,1
RM283P,+390633429578,1,1
RM284P,,1,0
RM285P,,1,0
RM286P,+390695942475,1,1
RM287P,+39065587851,1,1
RM288P,,1,0
RM289P,+390650916538,1,1
RM290P,+39065110121,1,1
RM291P,+390695951244,1,1
RM292P,,1,0
RM293P,,1,0
RM294P,+390774368884,1,1
RM295P,+390650916331; +390687617108,3,2
RM296P,,1,0
RM297P,,1,0
RM298P,+390622720051,1,1
RM299P,+390670613374,3,3
RM300P,,1,0
RM301P,+390623486222,1,1
RM302P,,1,0
RM303P,+390687788826,2,2
RM304P,,1,0
RM305P,+39063235391,2,2
RM306P,+390695951243,1,1
RM307P,+393403910266,3,2
RM308P,+393792847715,1,1
RM309P,+39064075776,5,3
RM310P,+39065743797,3,3
RM311P,+39066622186,2,2
RM312P,+390694315400,1,1
RM313P,+39069880902,3,3
RM314P,+390774318279,1,1
RM315P,+39069320008,4,4
RM316P,+390693547083,1,1
RM317P,+39065817657,1,1
RM318P,+39067004203; +390677205175; +677205175,5,5
RM319P,+39066896007; +39066879673; +39066833884,6,5
RM320P,+396629301,1,1
RM321P,+39066629924,1,1
RM322P,+390633247961,3,3
RM323P,+390652273208,1,1
RM324P,+390643533151,1,1
RM325P,+39067809092; +39067824147,2,2
RM326P,+39069361347,2,2
RM327P,+39067910055,1,1
RM328P,+390635346954,1,1
RM329P,+390639736271,1,1
RM330P,+390669922505,4,4
RM331P,+39065037101,1,1
RM332P,+39069059100,1,1
RM333P,+390636304658,1,1
RM334P,+39067887152,1,1
RM335P,+39065412847,1,1
RM336P,+393383621225,1,1
RM337P,+390624402965; +39069120798,6,6
RM338P,+393891497138,1,1
RM339P,+390641400903,1,1
RM340P,+390696155164,1,1
RM341P,+390690023901,1,1
RM342P,+39069401791,4,4
RM343P,+39065623247,1,1
RM344P,+39065110358,1,1
RM345P,+39065370456,1,1
RM346P,+390669871265,4,4
RM347P,+390678440101,3,3
RM348P,+39066868553,1,1
RM349P,+3906768893; +390432801075,3,3
RM350P,+39064396352,1,1
RM351P,+390639741489; +39065346270; +390639745071,11,10
RM352P,+390644238492,2,2
RM353P,+390639754743,4,4
RM354P,+39066796652,2,2
RM355P,+39065913242; +39065913240; +065913242,3,3
RM356P,+39076625686,1,1
RM357P,+390690627302; +390690627793,3,3
RM358P,+390697303045; +390697236640,6,6
RM359P,+390774344161,1,1
RM360P,+39065584948,4,4
RM361P,+39065110121,6,5
RM362P,+390694015143,5,4
RM363P,+39068550148,2,2
RM364P,+39069413643; +39069411322,6,4
RM365P,+390692956088,1,1
RM366P,+390640802091,3,3
RM367P,+390655285343,3,2
RM368P,+39069881335,4,3
RM369P,+39069880902,1,1
RM370P,+390693577190,1,1
RM371P,+39065623247,1,1
RM372P,+390639743879,1,1
RM373P,+390645665348,2,2
RM374P,+390686927541,1,1
RM375P,+39069635128; +39069633556,2,2
RM376P,+39066278759,1,1
RM377P,+390695020221,6,5
RM378P,+39064381465,3,3
RM379P,+390645924008,1,1
RM380P,+3906265355,1,1
RM381P,+39069410330,1,1
RM382P,+39069410330,2,1
RM383P,,1,0
RM384P,+39065614805,1,1
RM385P,+393332401246,1,1
RM386P,+39069702212,2,2
RM387P,+39069987464,2,2
RM388P,+390697608642,1,1
RM389P,+390693720573,1,1
RM390P,+39062263143,1,1
RM391P,+390676961242,1,1
RM392P,+390676966681,1,1
RN001P,+390541604710,2,2
RN002P,+390541390912,2,2
RN003P,+39054124412,1,1
RN004P,+390541714722,1,1
RN005P,+390541787740,2,2
RN006P,+390541452365,1,1
RN007P,+39054123901,2,2
RN008P,+39054124335,1,1
RN009P,+390541709157,3,2
RN010P,+39054124556,1,1
RN011P,+390541793731; +390541793710; +390541751557; +39054124134; +390541680236; +390541793773; +39054153013; +390541793722; +390541793704; +390541793713; +390541793743; +390541793740; +390541793719; +390541372038; +390541793737; +390541793755; +390541793749,17,17
RN012P,+393757245330; +390541714722,5,5
RN013P,+390541678440,1,1
RN014P,+390541678408,1,1
RN015P,+390541955109,3,3
RN016P,+390541607572,1,1
RN017P,+390541343721,1,1
RN018P,+390541610121,2,1
RN019P,+390541330445,1,1
RN020P,+390541952107; +390541821828,2,2
RN021P,+390541478012,1,1
RN022P,+390541782333,1,1
RN023P,+390541641975,1,1
RN024P,+390541641455; +390541375813; +390541375002; +39054156090; +390541394979,10,10
RN025P,+390541606972; +390541604675; +390541600266; +390541690154; +390541643853; +390541642775,6,6
RN026P,+390541961471,2,2
RN027P,+393791811218,2,2
RN028P,+390543474880,1,1
RN029P,+39054152065,1,1
RN030P,+3905411573581,1,1
RN031P,+393423618587,1,1
RN032P,+393395415713,1,1
RN033P,+390541741693,2,2
RO001P,+393491598029; +39042621874,2,2
RO002P,+39042621557,1,1
RO003P,+39042646345,1,1
RO004P,+390426500036,1,1
RO005P,+39042552624,2,2
RO006P,+390425546065,1,1
RO007P,+39042581473,1,1
RO008P,+390425641227,1,1
RO009P,+390425641328,1,1
RO010P,+39042566088,1,1
RO011P,+390425667520; +390425940082; +390425484275; +390425497225,5,4
RO012P,+390425641438,1,1
RO013P,+390425756235,1,1
RO014P,+390425751396,1,1
RO015P,,1,0
RO016P,+39042689091,1,1
RO017P,+393899388468,1,1
RO018P,+390426632619,1,1
RO019P,+393516967498,1,1
RO020P,+39042530791,1,1
RO021P,+39042521009,3,3
RO022P,+390425200028,1,1
RO023P,+390425474197,1,1
RO024P,+39042524138,1,1
RO025P,+393891111116,1,1
RO026P,+39042535380,1,1
RO027P,+393429708995,1,1
RO028P,+39042591021,1,1
RO029P,+390425933038,1,1
RO030P,+390425754049,1,1
RO031P,+390425702008,1,1
RO032P,+393285864650,1,1
RO033P,+390425741442,1,1
RO034P,+390426664091,1,1
RO035P,+39042577348,1,1
RO036P,,1,0
RO037P,+390425444194,1,1
RO038P,+390425492055,1,1
RO039P,+390425490009,1,1
RO040P,+390425701205,1,1
RO041P,+390425704463,1,1
RO042P,+39042550210,1,1
RO043P,+390425931092,1,1
RO044P,+390425937026,1,1
RO045P,+393922031715,1,1
RO046P,+39042645045,1,1
RO047P,+39042678082,1,1
RO048P,+393895195304,1,1
RO049P,+393755685429,1,1
RO050P,+390425641227,1,1
SA001P,+3908119917159,1,1
SA002P,+39089848667; +39089383455,2,2
SA003P,+390812132578; +390812132587,2,2
SA004P,+390828240197,1,1
SA005P,+39082845465,1,1
SA006P,+393662148080,1,1
SA007P,+39089751992,2,2
SA008P,+39089724486,2,2
SA009P,+39089712089,2,2
SA010P,+39081948421,1,1
SA011P,+39089893286,1,1
SA012P,+390974825504,1,1
SA013P,+390813768737,2,2
SA014P,+39081948441,1,1
SA015P,+393756023675,1,1
SA016P,+3908281923060,1,1
SA017P,+39082852644,1,1
SA018P,+390828355608,1,1
SA019P,+390974932316,1,1
SA020P,+390974937003,1,1
SA021P,+3908281992401,1,1
SA022P,+390828871025,1,1
SA023P,+39081951221,1,1
SA024P,+390894689414,4,3
SA025P,+39089344921,2,2
SA026P,+39089465109,1,1
SA027P,+390828366222,1,1
SA028P,+39089883227,1,1
SA029P,+39089877205,2,2
SA030P,+39089879193,1,1
SA031P,+393661043730,1,1
SA032P,+39089877261,1,1
SA033P,+39097577010,1,1
SA034P,+39081931347,1,1
SA035P,+39081934884,2,2
SA036P,+39089227100,2,2
SA037P,+39089232044,2,2
SA038P,+39089221551,2,2
SA039P,+39089796195,1,1
SA040P,+39089752994,1,1
SA041P,+393286829621,1,1
SA042P,+39089725119,1,1
SA043P,+39089302183,1,1
SA044P,+39089331527,1,1
SA045P,,3,0
SA046P,+39081955125,1,1
SA047P,+39081955087,1,1
SA048P,+390973391262,1,1
SA049P,+39081941658,1,1
SA050P,+39081942207,1,1
SA051P,+390975322043,1,1
SA052P,+3908118406969,1,1
SA053P,+393348185961,2,2
SA054P,+3908118658810,1,1
SA055P,+393490827213,1,1
SA056P,+39097573488,2,2
SA057P,+3909744409,1,1
SA058P,+3909744310,2,2
SA059P,+393355884448,1,1
SA060P,+39089871130,2,1
SA061P,+39089381675,1,1
SA062P,+39089224920,1,1
SA063P,+39081916240,1,1
SA064P,+39081926822,1,1
SA065P,+39089711276,1,1
SA066P,+39089794331,1,1
SA067P,+3908281990367,1,1
SA068P,+393335862819,1,1
SA069P,+39081924240,1,1
SA070P,+393803775147,1,1
SA071P,+390975391338; +390975331024,2,2
SA072P,+39081939527,1,1
SA073P,+390973323023,1,1
SA074P,+390815174605,1,1
SA075P,+390828503050,1,1
SA076P,+393336098812,1,1
SA077P,+39081940908,1,1
SA078P,+390974988042,1,1
SA079P,+390815154813,1,1
SA080P,+39081918605,1,1
SA081P,+390815179595,1,1
SA082P,+39089667355; +39089667349,2,2
SA083P,+39081919560,1,1
SA084P,+393347145035,1,1
SA085P,+393272839389,1,1
SA086P,+390818630783; +390818507692,2,2
SA087P,+390815170172; +39081968310,2,2
SA088P,+393388088862,1,1
SA089P,+39089955440,1,1
SA090P,+39089801375,1,1
SA091P,+390815175922,1,1
SA092P,+390892590310,1,1
SA093P,+39081961493,1,1
SA094P,+390818433819,1,1
SA095P,+3908119252619,1,1
SA096P,+390898424113,1,1
SA097P,+3908119172549,1,1
SA098P,+393281951335,1,1
SA099P,+390818507692,1,1
SA100P,+390815179300,1,1
SA101P,+390974826365,1,1
SA102P,+393758271534,1,1
SA103P,+390828355380,1,1
SA104P,+390815162569,1,1
SA105P,+390828212184,1,1
SA106P,+390828031307,1,1
SA107P,+393897908627,1,1
SA108P,+393664496460,1,1
SA109P,+39089890441,1,1
SA110P,+3908119176890,1,1
SA111P,+3908281993923,1,1
SA112P,+390974275396,1,1
SA113P,+3908118897183,1,1
SA114P,+390819211179,1,1
SA115P,+390815186041,1,1
SA116P,+393287298623,1,1
SA117P,+39081919845,1,1
SA118P,+39081911321,1,1
SA119P,+39081965636,6,6
SA120P,+39089339128,1,1
SA121P,+39089405483,1,1
SA122P,+39089796548; +39089330101; +390828305060; +390892961873,9,9
SA123P,,9,0
SA124P,+39081930342,6,6
SA125P,+390812359732; +39081957780,8,8
SA126P,,8,0
SA127P,+390815157378,12,11
SA128P,,4,0
SA129P,+390818633321,3,3
SA130P,+390828302360,4,3
SA131P,,2,0
SA132P,+390815177216,4,4
SA133P,+390818562759,2,2
SA134P,+390828371134,2,2
SA135P,+39089825130,1,1
SA136P,+390813208062,3,3
SA137P,+3908281992376,3,3
SA138P,+390975861354,2,2
SA139P,+39081949005; +390819223534; +390818562874,10,10
SA140P,+390813503322,3,3
SA141P,,1,0
SA142P,+390816331192,3,2
SA143P,+39089405429,1,1
SA144P,+3908281897656,2,2
SA145P,+390974270170,1,1
SA146P,+390975030442,4,4
SA147P,+39081961233,2,2
SA148P,,1,0
SA149P,+390813449405,3,3
SA150P,+39081928943,3,3
SA151P,+390812358825,2,1
SA152P,,1,0
SA153P,+393511575769,1,1
SI001P,+390577630294,1,1
SI002P,+390577937555,1,1
SI003P,+390578758308,1,1
SI004P,+390577292383; +390577292479; +390577292322,6,6
SI005P,+390577222300,1,1
SI006P,+390577920129,2,2
SI007P,+390577178184,1,1
SI008P,+390577930835,1,1
SI009P,+390577355043,1,1
SI010P,+39057751018,1,1
SI011P,+390577385016,1,1
SI012P,+390577553931,2,2
SI013P,+390556821528,1,1
SI014P,+390577986347,1,1
SI015P,+390577986347,1,1
SI016P,+3905771794453,1,1
SI017P,+390577585222,1,1
SI018P,+390577288931,1,1
SI019P,+390577222300,1,1
SI020P,+39057747241,2,2
SO001P,+390342214131,3,3
SO002P,+39034349018,1,1
SO003P,+390342672042,1,1
SO004P,+390342720213,1,1
SO005P,+393714648977,1,1
SO006P,+390342610402,1,1
SO007P,+390342453607,1,1
SO008P,+390342453125,1,1
SO009P,+390342492120,1,1
SO010P,+393355433490,1,1
SO011P,+393381170028,1,1
SO012P,+393792983767,1,1
SO013P,+390342706330,1,1
SO014P,+390342996226; +390342979021; +390342996236,3,3
SO015P,+390342901345,1,1
SO016P,+390342985067,1,1
SO017P,+390342927002,1,1
SO018P,+390342985067,1,1
SO019P,+390342946044,1,1
SO020P,+390342211251,1,1
SO021P,+390342901385,1,1
SO022P,+393408398486,1,1
SO023P,+390342236718,1,1
SO024P,+390343290017,1,1
SO025P,+393479064868,1,1
SP001P,+390187743230,3,3
SP002P,+390187751857,1,1
SP003P,,1,0
SP004P,+390187743062; +39018720056; +390187705391,3,3
SP005P,+390187632282,1,1
SP006P,+390187621046,1,1
SP007P,+390187933771,1,1
SP008P,+390187968529,1,1
SP009P,+390187503371,1,1
SP010P,+390187620069,1,1
SP011P,+390187815896,1,1
SP012P,+390187713925,1,1
SP013P,+390187503065,2,2
SP014P,+390187518095,1,1
SP015P,+393479057432,1,1
SP016P,+390187770832,1,1
SP017P,+390187304479,1,1
SP018P,+390187751857,1,1
SR001P,+39093168752,7,7
SR002P,+39093130884,1,1
SR003P,+390931758688,1,1
SR004P,+390931831908,1,1
SR005P,+390931879089,1,1
SR006P,+390931896173,1,1
SR007P,+390931769032,1,1
SR008P,+390931563219,1,1
SR009P,+390931311679,1,1
SR010P,+39337884270,1,1
SR011P,+39095992001,1,1
SR012P,+39095902479,2,2
SR013P,+390931921023,1,1
SR014P,+39095991045,1,1
SR015P,+39093136311,1,1
SR016P,+390931703325; +393429445439,2,2
SR017P,+39093132649; +39093137331,2,2
SR018P,+390931945006,1,1
SR019P,+390931746473,1,1
SR020P,+390931846102,1,1
SR021P,+393200534747,1,1
SR022P,+390931492914,2,2
SR023P,+393313091245; +39093121649,2,2
SR024P,+393394223820,1,1
SR025P,+393476597585,1,1
SR026P,+390931564827,1,1
SR027P,+393339830771,1,1
SR028P,+393701154260,1,1
SR029P,+390931414511; +393683257496,2,2
SR030P,+393333544062,1,1
SR031P,+390931757508,1,1
SR032P,+393388964466,1,1
SR033P,+393470809392,1,1
SR034P,+390957833342,1,1
SR035P,+393804608819,1,1
SR036P,+390931496054,1,1
SR037P,+390931564250,1,1
SR038P,+393204440827,1,1
SR039P,+393394528457,1,1
SR040P,,1,0
SR041P,+393288894747; +39093169666,3,3
SR042P,+390931966809,2,1
SR043P,,2,0
SR044P,+390931544846,1,1
SR045P,+390931859602,1,1
SR046P,,1,0
SS001P,+39079984656,2,2
SS002P,+39079953180,1,1
SS003P,+39079400014; +39079470157; +39079670573; +39079345845,4,4
SS004P,+39079704118,1,1
SS005P,+39079660835,1,1
SS006P,+39079345845,1,1
SS007P,,1,0
SS008P,+39079440744,1,1
SS009P,+39079767810,1,1
SS010P,+39079706029,1,1
SS011P,+39079798111,1,1
SS012P,+393331078413,1,1
SS013P,+39078950006,1,1
SS014P,+39078922962,1,1
SS015P,+39079787380,1,1
SS016P,+393345896943,1,1
SS017P,+39078921728,1,1
SS018P,+39079754200,1,1
SS019P,+39079448334,1,1
SS020P,+39079449802,1,1
SS021P,,1,0
SS022P,,1,0
SS023P,+39079293895,1,1
SS024P,+39079276568,1,1
SS025P,+39079278909,1,1
SS026P,+39079350359,1,1
SS027P,+393928024137,1,1
SS028P,+39079886047,1,1
SS029P,+39079708073,1,1
SS030P,+39079380227,1,1
SS031P,+39079977966,1,1
SS032P,+39079715532,1,1
SS033P,+393939597822,1,1
SS034P,+39079514917,1,1
SS035P,+39078928577,1,1
SS036P,+393487211460,1,1
SS037P,+39078966789,1,1
SS038P,+39078925871,1,1
SS039P,+39078921293,1,1
SS040P,+390795621348,2,2
SS041P,+393483633832,1,1
SS042P,,1,0
SS043P,,1,0
SS044P,+393351302614,1,1
SS045P,+393497244092,1,1
SS046P,+39078953636,1,1
SS047P,+390792825126,6,6
SS048P,+39079233602,2,2
SU001P,,1,0
SU002P,+39078188544,1,1
SU003P,+390781660177,3,3
SU004P,+39078172171,1,1
SU005P,,1,0
SU006P,+390709799065; +390709600033; +390709367714; +390266049105; +39050868002; +390121322649; +390119151151; +1105225575; +390115225575; +390423980218; +390457150759; +39096361351,12,12
SU007P,+39070986079,1,1
SU008P,+393286370194,1,1
SU009P,+39070970053,1,1
SU010P,+39078122393,1,1
SU011P,+39078131810,1,1
SU012P,+39078140540,1,1
SU013P,+399930507,1,1
SU014P,+390709804081,1,1
SU015P,+390709803140; +390792116085; +39079847192,3,3
SU016P,+39070985837,1,1
SU017P,+390709808751,1,1
SU018P,+3907811888001,1,1
SU019P,,1,0
SU020P,+39078351312,2,1
SU021P,+393487569714,1,1
SU022P,+390707532595,1,1
SU023P,+390704516063,1,1
SU024P,+39070997012,1,1
SU025P,+390709339035; +39070570326; +39078391886; +390783991148,4,4
SU026P,+390709139044,1,1
SU027P,+393479526502,1,1
SU028P,+390782810014; +39078371589; +39078322005; +390666151377,5,5
SU029P,+393498649573,1,1
SU030P,+390709370834,2,2
SU031P,+39078131477,2,2
SV001P,+39018251385,1,1
SV002P,+390182640309,4,4
SV003P,+390198335977,1,1
SV004P,+39019822764,1,1
SV005P,+393802398108; +393899475996; +393896606288; +393899480450; +393487851520,5,5
SV006P,+39019829860,3,3
SV007P,+39019882206,1,1
SV008P,+39019802851,1,1
SV009P,+39019668951,1,1
SV010P,+393483699077,1,1
SV011P,+39019513018,1,1
SV012P,+390198933225,1,1
SV013P,+390182554970,4,4
SV014P,+39018251840,1,1
SV015P,+39019503875,1,1
SV016P,+39019860087,1,1
SV017P,+39019879004,1,1
SV018P,+39019482361,1,1
SV019P,+393407096171,1,1
SV020P,+39019884555,1,1
SV021P,+390192040696,1,1
SV022P,+3901997714,1,1
SV023P,+39019745124,1,1
SV024P,+39019671983,1,1
SV025P,+39019690860,1,1
SV026P,+393207036575,1,1
SV027P,+390198489352,1,1
SV028P,,1,0
TA001P,+390998244867,1,1
TA002P,+390998277063,1,1
TA003P,+390995637184,2,2
TA004P,+390999711134,1,1
TA005P,+390804831472,1,1
TA006P,+390994508621,1,1
TA007P,+390804805156,1,1
TA008P,+390999574213,1,1
TA009P,+390999573134,1,1
TA010P,+39099373185,1,1
TA011P,+390995919841,1,1
TA012P,+390995918892,1,1
TA013P,+390997796733,1,1
TA014P,+390997311049,2,2
TA015P,+393714324171,3,3
TA016P,+390996713605,1,1
TA017P,+390994744158,1,1
TA018P,+390997796280,1,1
TA019P,+390997794485,1,1
TA020P,+390995666278,1,1
TA021P,+390997377796,1,1
TA022P,+390994746497,1,1
TA023P,+390997313216,1,1
TA024P,+390998867463,1,1
TA025P,+390997392910,1,1
TA026P,+393402605604,1,1
TA027P,+390998841511,1,1
TA028P,,1,0
TA029P,,1,0
TA030P,+390809907100,1,1
TA031P,+390999941319,1,1
TA032P,+390804833612,1,1
TA033P,+390994005865,1,1
TA034P,+390997377796,4,4
TA035P,,1,0
TA036P,+390994528182,1,1
TA037P,+39099337767,2,2
TE001P,+390861739920,2,2
TE002P,+3908587282,1,1
TE003P,+390858003132,1,1
TE004P,+390858933249,1,1
TE005P,+390858937030,1,1
TE006P,+390861712490,1,1
TE007P,+393283648234,1,1
TE008P,+390854223101,1,1
TE009P,+390861787767,1,1
TE010P,+393661794064,1,1
TE011P,+390858708597,1,1
TE012P,+390861412013,2,2
TO001P,+39011334641; +3901101120840; +3901101137555; +3901101166930; +3901101137511; +390114471131; +3901101168500; +3901101167000; +3901101120870; +3901101159140; +3901101168550; +3901101159460; +3901101159520; +39011539840; +3901101159230; +3901101168350; +3901101120539; +3901101167250; +3901101159680; +3901101159810; +3901101160080; +3901101159770; +3901101160120; +3901101168470; +3901101159500; +3901101168581; +3901101168411; +3901101120571; +390113272062; +3901101120931; +3901101160040; +3901101133424; +3901101159888; +390113241078; +3901101168280; +3901101167780; +3901101125373; +39011544532; +3901101160060; +3901101129390; +3901101139963; +3901101128900; +3901101159280; +3901101133463; +3901101127961; +3901101167961; +3901101168380; +3901101166970; +3901101132124; +3901101159490; +3901101160290; +3901101159320; +390113913181; +3901101168530,62,54
TO002P,+39011250171,1,1
TO003P,+39011250188,1,1
TO004P,,1,0
TO005P,+39011740281,1,1
TO006P,+39011595287,1,1
TO007P,+39011533244,2,2
TO008P,,1,0
TO009P,+390115466511; +390112342279; +390115166511; +390112342333,6,6
TO010P,+390116602802; +390116602979,2,2
TO011P,+390118190096,3,3
TO012P,+390112200995,3,3
TO013P,+390113172472,1,1
TO014P,+390117710358,3,3
TO015P,+390118996264,1,1
TO016P,+390112630087,1,1
TO017P,+39011852092,2,2
TO018P,+39011489147,3,2
TO019P,+39011488298; +390117493322,5,5
TO020P,+39011722454,1,1
TO021P,+390114365676,5,5
TO022P,+390117493267,1,1
TO023P,+390117493564,1,1
TO024P,+39011610905,2,2
TO025P,+390113187247; +3901103187247,2,2
TO026P,+390113290210,3,3
TO027P,+39011396201,1,1
TO028P,+390118171340,1,1
TO029P,+390114360325,1,1
TO030P,+390115618312,1,1
TO031P,+390116613070,1,1
TO032P,+390116647219,1,1
TO033P,+390113852304,1,1
TO034P,+390113797811,6,6
TO035P,+39011342067,1,1
TO036P,+390112730009,1,1
TO037P,+390112620274,1,1
TO038P,+390114224124,1,1
TO039P,+39011658587,3,3
TO040P,+390116612588,1,1
TO041P,+390118193250,1,1
TO042P,+39011485368,1,1
TO043P,+39011854444,1,1
TO044P,+390112304171,1,1
TO045P,+39011883550,1,1
TO046P,+390118123250,4,4
TO047P,+39011887933,1,1
TO048P,+390119676190,1,1
TO049P,+390119312414,1,1
TO050P,+390119321498,1,1
TO051P,+390119328664,1,1
TO052P,,1,0
TO053P,+393500376553,1,1
TO054P,+390122620735,1,1
TO055P,+39012248746,1,1
TO056P,+390119833438,1,1
TO057P,+390119778160,1,1
TO058P,+390119481356,1,1
TO059P,+390119723532,1,1
TO060P,+390119721676,1,1
TO061P,+393485923834,1,1
TO062P,+390119716177,1,1
TO063P,+3911972331,1,1
TO064P,+390114149734,1,1
TO065P,+390124429100,1,1
TO066P,+390119472245,2,2
TO067P,+390119436326,1,1
TO068P,+390119101200,1,1
TO069P,+390119114729,1,1
TO070P,+393279560495,1,1
TO071P,+390119214247,1,1
TO072P,+390119214829,1,1
TO073P,+390118017337,1,1
TO074P,+39011781674,1,1
TO075P,+390119846081,1,1
TO076P,+39012434107,1,1
TO077P,+390119376552,1,1
TO078P,+390119376063,1,1
TO079P,+39011781565,1,1
TO080P,,1,0
TO081P,+390125650059,1,1
TO082P,+390119628194,1,1
TO083P,+390119988339,1,1
TO084P,+39011645967,2,2
TO085P,+39011642451,1,1
TO086P,+390116060305,1,1
TO087P,+390116810888,1,1
TO088P,+39011644666,3,3
TO089P,+390125420042,1,1
TO090P,+390116809154,1,1
TO091P,+390119002483,1,1
TO092P,+393277466424,1,1
TO093P,+390122999229,1,1
TO094P,+393801287798,1,1
TO095P,+390121322833,1,1
TO096P,+390121501325,1,1
TO097P,+39012156350,1,1
TO098P,+390119064684,1,1
TO099P,+390119889741,1,1
TO100P,+39012429484; +39012429512,3,3
TO101P,+39012429366,1,1
TO102P,+39012427153,4,4
TO103P,+390119586442,1,1
TO104P,+390119580286; +390119586731,3,3
TO105P,,1,0
TO106P,+390119898930,1,1
TO107P,+398222665,1,1
TO108P,+390118222395,1,1
TO109P,+390118004753,1,1
TO110P,+393775760289,1,1
TO111P,+390125711022,1,1
TO112P,+390125713305,1,1
TO113P,+39011496362,1,1
TO114P,+390114522612,1,1
TO115P,+390114526244,1,1
TO116P,+390119651420,1,1
TO117P,+390119880969,1,1
TO118P,+390119882019,1,1
TO119P,+390119351468,1,1
TO120P,+390119268183,1,1
TO121P,+390119139312,1,1
TO122P,+393202832264,1,1
TO123P,+390119087725,1,1
TO124P,+390119440262,1,1
TO125P,+390118609194,1,1
TO126P,+390119657093,1,1
TO127P,+390119625931,1,1
TO128P,+390119688187,1,1
TO129P,+390119604466,1,1
TO130P,+390119644864,1,1
TO131P,+390119644664,1,1
TO132P,+390119059061,1,1
TO133P,+39012431178,1,1
TO134P,+390119607705,1,1
TO135P,+390119606948,1,1
TO136P,+39012190834,1,1
TO137P,+390119968035,1,1
TO138P,+390116470856,1,1
TO139P,+390118131059,1,1
TO140P,+390119192810,1,1
TO141P,+390119461481,2,2
TO142P,+390124808875,1,1
TO143P,+390119093067,1,1
TO144P,+390119645502,1,1
TO145P,+390119278375,1,1
TO146P,+390119492740,1,1
TO147P,+390125790234,1,1
TO148P,+390119807401,1,1
TO149P,+390116604386,2,2
TO150P,+390115712839,1,1
TO151P,+39011357835; +39011357385,5,5
TO152P,+390119189886,1,1
TO153P,+393471538089,2,2
TO154P,+390119676317; +390119661110,3,3
TO155P,+390113111637,1,1
TO156P,+390121932028,2,2
TO157P,+390112740980,1,1
TO158P,+390125621410,1,1
TO159P,+390112457893,1,1
TO160P,+390114375686,2,2
TO161P,+39011546073,1,1
TO162P,+390112162316,1,1
TO163P,+390118174581,1,1
TO164P,+390118190098,1,1
TO165P,+390110620664,3,3
TO166P,+390112170400,3,3
TO167P,+393385486026,1,1
TO168P,+390123738209,1,1
TO169P,+390114332352,1,1
TO170P,+393662628132,1,1
TO171P,+390117497386,1,1
TO172P,+390115618312,1,1
TO173P,+39011590590,1,1
TO174P,+390124666027,2,2
TO175P,+390119400829,2,2
TO176P,+390118121880; +390110243107,3,3
TO177P,+3901119741757,1,1
TO178P,+390118608285,1,1
TO179P,+390116694710,1,1
TO180P,+390125280684,1,1
TO181P,+39012170378,5,5
TO182P,+390114526459,1,1
TO183P,+1100787361,1,1
TO184P,+39011785217,2,1
TO185P,+112304191; +390112304118,2,2
TO186P,+115629746,1,1
TO187P,+1109376071; +390119376071,2,2
TO188P,+390119586336,4,4
TO189P,+39012231344,1,1
TO190P,+390119193004,1,1
TO191P,+390125424267,2,2
TO192P,+390116810814,2,2
TO193P,+39011590590,1,1
TO194P,+390114224124,1,1
TO195P,+390119472185,1,1
TO196P,+390119070244,1,1
TO197P,+390112346311,2,2
TO198P,+39012328071,1,1
TO199P,+390119824304,1,1
TO200P,+390116198311,3,3
TO201P,+390115224501,1,1
TO202P,+390116300611,3,3
TO203P,+390119425382,3,3
TO204P,+39012191260,3,3
TO205P,+39011889870,1,1
TO206P,+3901118838409,1,1
TO207P,+390118125588,1,1
TO208P,+39011531656,1,1
TO209P,+390119586342; +3901119834406,3,3
TO210P,+3901119721109,1,1
TO211P,,2,0
TO212P,+393483987829,1,1
TO213P,+393774846336,1,1
TO214P,+390122901998,1,1
TP001P,+390923861206; +390923851055,2,2
TP002P,+390923333341; +390923555207; +39092464389; +390923972224,4,4
TP003P,+390923906060,1,1
TP004P,+390923911194,1,1
TP005P,+390923535463,1,1
TP006P,+390923881334,1,1
TP007P,+390924191299,1,1
TP008P,+393491465612,1,1
TP009P,+390923968713,1,1
TP010P,+390923360764,1,1
TP011P,,1,0
TP012P,+393285944148,1,1
TP013P,,1,0
TP014P,+390923756011,1,1
TP015P,+390923981319,1,1
TP016P,+393420021310,1,1
TP017P,+390923502858,1,1
TP018P,+390923952953,1,1
TP019P,+393290475550,1,1
TP020P,+390923363367,1,1
TP021P,+393284112944,1,1
TP022P,+39360971478,1,1
TP023P,+390923562082,1,1
TP024P,+393809064966,2,2
TP025P,,1,0
TP026P,+390923722136,1,1
TP027P,+390923363911; +393347440442,2,2
TP028P,+393701526939,1,1
TP029P,+393476652732,1,1
TP030P,+39092336911,1,1
TP031P,+393404645840,1,1
TP032P,+390923941338,1,1
TP033P,+393899988317,1,1
TP034P,,1,0
TP035P,+390923941640,1,1
TP036P,+390923942879,1,1
TP037P,+390923557936,1,1
TP038P,,1,0
TP039P,,1,0
TR001P,+390744300147,1,1
TR002P,+390744994067,1,1
TR003P,+390744306295,1,1
TR004P,+390744403013,3,3
TR005P,+390744978170,1,1
TR006P,+390763627079,1,1
TR007P,+390744422711,1,1
TR008P,,1,0
TR009P,+390744930798,1,1
TR010P,+393483005102; +390744812433; +39074462868,3,3
TR011P,+390744428655,1,1
TR012P,+390744994165,1,1
TR013P,+390744243381,1,1
TR014P,+390744432716,1,1
TS001P,+39040225189; +39040410059; +39040414290; +39040420606; +390403480276; +39040393067; +39040771322; +39040636144; +39040568420; +39040569760; +3904053457; +3904051566; +39040941452; +39040393003; +39040393520; +39040637279; +39040308970; +39040771334; +390409852900; +39040638453; +39040300925; +39040826814; +39040820249; +39040814330; +39040812351; +39040829464; +39040823706; +39040813224; +39040813355,29,29
TS002P,+39040410096,1,1
TS003P,+3904044087,3,3
TS004P,+39040369548,2,2
TS005P,+39040390170,1,1
TS006P,+39040566277,1,1
TS007P,+39040573060,2,2
TS008P,+390402332172; +39040638008,2,2
TS009P,+39040309022,2,2
TS010P,+39040660832,1,1
TS011P,+393493076809,1,1
TS012P,+39040200367,1,1
TS013P,+39040566277,1,1
TV001P,+390423566217; +390423564185; +390423566147,3,3
TV002P,+390422774194,1,1
TV003P,+390423952156,1,1
TV004P,+39042355716,1,1
TV005P,+390423529854,1,1
TV006P,+390423952770,1,1
TV007P,+39042290050,1,1
TV008P,+39042290876; +390422422346; +390422422498,3,3
TV009P,+39042298751,1,1
TV010P,+390423650087,1,1
TV011P,+39042385338,1,1
TV012P,+390438580524,1,1
TV013P,+390438940204,1,1
TV014P,+390422396215,1,1
TV015P,+390422396428,1,1
TV016P,+393891815650,1,1
TV017P,+390422788038,1,1
TV018P,+390422493597,1,1
TV019P,+390423563122,1,1
TV020P,+390423495094,1,1
TV021P,+390423494840,1,1
TV022P,+390423482320,1,1
TV023P,+390423490727,1,1
TV024P,+390423490703; +390423487391,2,2
TV025P,+390423482149,1,1
TV026P,+390423494202,1,1
TV027P,+390423468946,1,1
TV028P,+390421328398,1,1
TV029P,+390422743096,1,1
TV030P,+390422743103,1,1
TV031P,+393533629385,1,1
TV032P,+393455605215,1,1
TV033P,+390438794868,1,1
TV034P,+3904381892757,1,1
TV035P,+39043839898,1,1
TV036P,+39043861624,1,1
TV037P,+390438453997,2,2
TV038P,,1,0
TV039P,+39043823562,3,3
TV040P,+393204321456,1,1
TV041P,+39042383214,1,1
TV042P,+39042353240,1,1
TV043P,+390423868798,1,1
TV044P,+39042384130,1,1
TV045P,+393935705566,1,1
TV046P,+390438898151,1,1
TV047P,+39043882213,1,1
TV048P,+390438970408,1,1
TV049P,+393500236190,1,1
TV050P,+390422809900,1,1
TV051P,+390422757008,1,1
TV052P,+390423949082,1,1
TV053P,+390423949001,1,1
TV054P,+390438585341,1,1
TV055P,+39043476022,1,1
TV056P,+390438782101,1,1
TV057P,+393348352668,1,1
TV058P,+390422740138,1,1
TV059P,+39042273231,1,1
TV060P,+393463640702,1,1
TV061P,+390422738144,1,1
TV062P,+390423485406,1,1
TV063P,+390423470343,1,1
TV064P,+390423475171; +390457680480,2,2
TV065P,+390423485496,1,1
TV066P,+390422741128,1,1
TV067P,+39043830110,1,1
TV068P,+393883979995,1,1
TV069P,+393791479762,2,1
TV070P,+390422877309,1,1
TV071P,+390422778126,1,1
TV072P,+390422767020,1,1
TV073P,+390438893156,1,1
TV074P,+39041457725,1,1
TV075P,+39041457064,1,1
TV076P,+390422798164,1,1
TV077P,+390423600149,1,1
TV078P,+390423300529,2,2
TV079P,+390423601736,1,1
TV080P,,1,0
TV081P,+39042324412,1,1
TV082P,+390422739702,1,1
TV083P,,1,0
TV084P,,1,0
TV085P,+390422766213,1,1
TV086P,+390422779128,1,1
TV087P,+390422718260,1,1
TV088P,+390422745003,1,1
TV089P,+390422851120,1,1
TV090P,+390438990297,1,1
TV091P,+393479500470,1,1
TV092P,+390423932000; +390423932030,5,5
TV093P,+390422951630,1,1
TV094P,+390422958160,1,1
TV095P,+390422959314,1,1
TV096P,+39042299234,1,1
TV097P,+39042369823; +390423688246,2,2
TV098P,+39043882616,1,1
TV099P,+390438981258; +39043882080,3,3
TV100P,+390438840052,1,1
TV101P,+390422231179,1,1
TV102P,+390422969661,1,1
TV103P,+390422969183,1,1
TV104P,+390422969435,1,1
TV105P,+390422850070,1,1
TV106P,+390423544043,1,1
TV107P,+390422772161,1,1
TV108P,+390422421409,1,1
TV109P,+390422633105; +390422938133,2,2
TV110P,+390422380515,1,1
TV111P,+390422379147,1,1
TV112P,+390422379232,1,1
TV113P,+390423480207,1,1
TV114P,+390423484068,1,1
TV115P,+390423784870,1,1
TV116P,+390438562038,1,1
TV117P,+390423485696,1,1
TV118P,+390423483102,1,1
TV119P,+390423746888,1,1
TV120P,+390422841770,1,1
TV121P,+390422849121,1,1
TV122P,+390422747096,1,1
TV123P,+390422797488,1,1
TV124P,+390422790085,1,1
TV125P,+390422790162; +390422899207,2,2
TV126P,+390422796441,1,1
TV127P,+39043876173,1,1
TV128P,+390438777433,1,1
TV129P,+390438700428,1,1
TV130P,+390438784072,1,1
TV131P,+39043834211,1,1
TV132P,+393773882349,1,1
TV133P,+390438400368,1,1
TV134P,+390438777114,1,1
TV135P,+390423567070,1,1
TV136P,+390423968591,1,1
TV137P,+390423968513,1,1
TV138P,+390438582298,1,1
TV139P,+390438582254,1,1
TV140P,+390423979819,1,1
TV141P,+393513887001,1,1
TV142P,+390438895159,1,1
TV143P,+390422360040,1,1
TV144P,+39042294178,1,1
TV145P,+390422725207,2,2
TV146P,+390422928958,1,1
TV147P,+393663628084,1,1
TV148P,+393663628084,1,1
TV149P,+393663628084,1,1
TV150P,,1,0
TV151P,+390438584705,1,1
TV152P,+390423819823; +39042381484; +39042381527; +390423818926,4,4
TV153P,+390422301668,1,1
TV154P,+390422301618,1,1
TV155P,+39042222923,1,1
TV156P,+390422411725,10,10
TV157P,+390422230356,1,1
TV158P,+390422379439,1,1
TV159P,+390422400402,1,1
TV160P,+390422320600,1,1
TV161P,+390422349016,1,1
TV162P,+390422542770,1,1
TV163P,+390422546629,1,1
TV164P,+390422300256,1,1
TV165P,+39042222416,1,1
TV166P,+39042222724,1,1
TV167P,+390422307270,1,1
TV168P,+390423973106,1,1
TV169P,+390423973243,1,1
TV170P,+390423900170,1,1
TV171P,+390423901020,1,1
TV172P,,1,0
TV173P,+393665258573,1,1
TV174P,+393290495944,3,3
TV175P,+390423487065,1,1
TV176P,+390423987115,1,1
TV177P,+39042292169; +390422919300,2,2
TV178P,+390422446118,1,1
TV179P,+390438556246,1,1
TV180P,+39043857542,1,1
TV181P,+390438556846,1,1
TV182P,+390423620232,1,1
TV183P,+390423620157,1,1
TV184P,+390421344080,1,1
TV185P,+390422412023,2,2
TV186P,+390422548262,1,1
TV187P,+3904381710005,4,4
TV188P,+390423609193,1,1
TV189P,+390497998848,1,1
TV190P,+390422380441,1,1
TV191P,+393388851553,1,1
TV192P,+390423302756,1,1
TV193P,+393480019198,1,1
TV194P,+390438936724,1,1
TV195P,+390422267415; +390422267414,4,3
TV196P,+390423494449,2,2
TV197P,+390423544003,6,6
TV198P,+39042322186,1,1
TV199P,+390422712041,4,4
TV200P,+390422380644,1,1
TV201P,+390423972559,1,1
TV202P,+39043853238,2,2
TV203P,+390423468935,2,2
TV204P,+390415987111,6,6
TV205P,+390422230028,1,1
TV206P,+390422404131,2,2
TV207P,+390438551641,1,1
TV208P,+390422403380,1,1
UD001P,+390432504374,1,1
UD002P,+390431721359,1,1
UD003P,+39043370388,1,1
UD004P,+390432571480,1,1
UD005P,+390432810698; +390432768004; +390432975202; +390431588406; +390432601231; +390432681295; +390432869209; +390432790020; +390432231374; +390432800741,10,10
UD006P,+39043165548,1,1
UD007P,+390431642172,1,1
UD008P,+390432699157,1,1
UD009P,+390432677216,1,1
UD010P,+390432281344,1,1
UD011P,+39043242855,1,1
UD012P,+390432766077,1,1
UD013P,+393274551100,1,1
UD014P,+393311209543,1,1
UD015P,+390432960283,1,1
UD016P,+3904332168,1,1
UD017P,+390432960539,1,1
UD018P,+393914673013; +390431588497; +390433030906,3,3
UD019P,+390432666284,1,1
UD020P,+39043168071,1,1
UD021P,+390432993491,1,1
UD022P,+390432929144,1,1
UD023P,+390432521561,1,1
UD024P,+390432295039,1,1
UD025P,+390432503604,1,1
UD026P,+393896014346,1,1
UD027P,+393887890539,1,1
UD028P,+390432670317,1,1
UD029P,+390432564410,1,1
UD030P,+39043159424,1,1
UD031P,+393319692406,1,1
UD032P,+39043156625,1,1
UD033P,+390432849076,1,1
UD034P,+39043284455,1,1
UD035P,+39043284476,1,1
UD036P,+390432851833,1,1
UD037P,+3904321790491,1,1
UD038P,+393495804143,1,1
UD039P,+390432981693,1,1
UD040P,+390432660166,1,1
UD041P,+39043131555,1,1
UD042P,+390432928532,1,1
UD043P,+390432785541,1,1
UD044P,+390432915150,1,1
UD045P,+390432919046,1,1
UD046P,+390432631480,1,1
UD047P,+390432901203,1,1
UD048P,+390432917127,1,1
UD049P,+390432778051,1,1
UD050P,+39043246236,2,2
UD051P,+390432235759,1,1
UD052P,+390432981502,3,3
UD053P,+390432669197,1,1
UD054P,+390432408100,7,7
UD055P,+390432204002,3,3
UD056P,+393384173076,1,1
UD057P,+390432543049,1,1
UD058P,+390432501383; +390432501921,2,2
UD059P,+390432229645,1,1
UD060P,+390432493911,4,4
UD061P,+39043340054,2,2
UD062P,,2,0
UD063P,+390432784349,1,1
UD064P,,3,0
UD065P,+390432237462,1,1
VA001P,+390331993369,1,1
VA002P,+390331931559,1,1
VA003P,+390332470278,1,1
VA004P,+390332459286,1,1
VA005P,+390332730183,1,1
VA006P,+393756441610,1,1
VA007P,+390332916300,1,1
VA008P,+390331274205,1,1
VA009P,+390332771406,1,1
VA010P,,2,0
VA011P,+390332773350,1,1
VA012P,+390332767226,1,1
VA013P,+390332470515,1,1
VA014P,+390332947355,1,1
VA015P,+390332770166,1,1
VA016P,+390332481078,1,1
VA017P,+390332575101; +39033257510,3,3
VA018P,+390332459644,1,1
VA019P,+390331632117,3,3
VA020P,+390331632872,1,1
VA021P,,1,0
VA022P,+390331638568,1,1
VA023P,+390331620599,1,1
VA024P,+390331680190,1,1
VA025P,+390331635009,1,1
VA026P,+390331682068; +390331683242,2,2
VA027P,+390331341550,1,1
VA028P,+390331341051,1,1
VA029P,+390331953753,1,1
VA030P,+390331360910,1,1
VA031P,+390331310780,1,1
VA032P,+390331310540,1,1
VA033P,+390331262324,1,1
VA034P,+39029650423,1,1
VA035P,+39029650605,1,1
VA036P,+390332945598,1,1
VA037P,+390332480032,1,1
VA038P,+390331200598,1,1
VA039P,+393200369949,1,1
VA040P,+390331503470,1,1
VA041P,+390332520645,1,1
VA042P,+390331857481,1,1
VA043P,+390331858735,1,1
VA044P,+390332892323,1,1
VA045P,+390331217300,1,1
VA046P,+390331217334,1,1
VA047P,+390332964510,1,1
VA048P,+390296380313,1,1
VA049P,+390332487330,1,1
VA050P,+390332700482,1,1
VA051P,+390332737700,1,1
VA052P,+390332917414,1,1
VA053P,+390332997121,1,1
VA054P,+390332716216,1,1
VA055P,+390332651257,1,1
VA056P,+390332947379,1,1
VA057P,+390331617294,1,1
VA058P,+393317323163,1,1
VA059P,+390331796302; +390331786707,4,4
VA060P,+390331796415,1,1
VA061P,+390332719750,1,1
VA062P,+390332746945,1,1
VA063P,+390332744038,1,1
VA064P,+390332745474,1,1
VA065P,+390332462200,1,1
VA066P,+390332314885,1,1
VA067P,+39029688100,1,1
VA068P,+390332532440,1,1
VA069P,+393758206573,1,1
VA070P,+393342893517,1,1
VA071P,+390331820219,1,1
VA072P,+390332973987,1,1
VA073P,+390332780305,1,1
VA074P,+390331218484,1,1
VA075P,+390332550641,1,1
VA076P,+390332550340,1,1
VA077P,+390332668788,1,1
VA078P,+390332667181,1,1
VA079P,+3903321540136,1,1
VA080P,+390331842286,1,1
VA081P,+390331668230,1,1
VA082P,+390332260941,1,1
VA083P,+390332531678,3,3
VA084P,+390332531332,1,1
VA085P,+390332511563,1,1
VA086P,+390332316341,1,1
VA087P,+390332560268,1,1
VA088P,+390332706450,1,1
VA089P,+390332425473,1,1
VA090P,+390332974694,1,1
VA091P,+390331600255,1,1
VA092P,+390332589975,1,1
VA093P,+390332508193,1,1
VA094P,+390332799423,1,1
VA095P,+390332463639,1,1
VA096P,+390331903537,1,1
VA097P,+390331987320,1,1
VA098P,+390331906169,1,1
VA099P,+390331739018,1,1
VA100P,+390331315496,1,1
VA101P,+390331649201,1,1
VA102P,+390331375770,1,1
VA103P,+390296731411,1,1
VA104P,+390332919153,1,1
VA105P,+390332547143,1,1
VA106P,+390332462030,1,1
VA107P,+390331604339,1,1
VA108P,+393884944768,1,1
VA109P,+393317804321,1,1
VA110P,+390332590379,1,1
VA111P,+390331980335,1,1
VA112P,+390332826016,1,1
VA113P,+390331201535,1,1
VA114P,+390331201341,1,1
VA115P,+390331820489,1,1
VA116P,+390331240064,1,1
VA117P,+390331217141,1,1
VA118P,+390331668477,1,1
VA119P,+390332824252,1,1
VA120P,+390331217364,1,1
VA121P,+390331668261,1,1
VA122P,+390332291711,5,5
VA123P,+390332330045,1,1
VA124P,+390332549108,1,1
VA125P,+390331220111,1,1
VA126P,+390331234267,1,1
VA127P,+39029602272,3,3
VA128P,+39029602919,3,3
VA129P,+39029602381,1,1
VA130P,+390331913329,3,3
VA131P,+390331993104,1,1
VA132P,+390331253597,1,1
VA133P,+390331956589,1,1
VA134P,+390332960791,1,1
VA135P,+390331841597,1,1
VA136P,+390331849507,1,1
VA137P,+390332977460,1,1
VA138P,+390296780723,1,1
VA139P,+390332960178,1,1
VA140P,+390332283113,1,1
VA141P,+390332226048; +390332262136; +393334849656,3,3
VA142P,+390332335110,1,1
VA143P,+390332285530,1,1
VA144P,+390332310252,1,1
VA145P,+390332232298,1,1
VA146P,+390332240883,1,1
VA147P,+390332310538,2,2
VA148P,+390332312147,1,1
VA149P,+390332231151,1,1
VA150P,+390332310243,1,1
VA151P,+390332225049,1,1
VA152P,+390332224330,1,1
VA153P,+390332229315,1,1
VA154P,+390332260359,1,1
VA155P,+390332226165,1,1
VA156P,+390331864282,1,1
VA157P,+390331858067,1,1
VA158P,,1,0
VA159P,+390331946477,1,1
VA160P,+390332820800,1,1
VA161P,+390331677777; +390331624318,12,12
VA162P,+390331601106,6,6
VA163P,+390332425621,1,1
VA164P,+393518770248,1,1
VA165P,+390332532335,1,1
VA166P,+390332417276,1,1
VA167P,+390331908762,1,1
VA168P,+390331995868,1,1
VA169P,+390331504640; +3903311352097,3,3
VA170P,+390332237745; +393387125257,3,3
VA171P,+393665835757,1,1
VA172P,+393318829180,1,1
VA173P,+390332730232,1,1
VA174P,+39029621047,1,1
VA175P,+390332414028,1,1
VA176P,+393395934140,1,1
VA177P,+390296702080,6,6
VA178P,+39029602428,5,5
VA179P,+390331506807,2,2
VA180P,+390331679385; +390331679589; +390331322903,3,3
VA181P,+3903321761330; +390332830633,8,7
VA182P,+390331795141,3,2
VA183P,+390331799661,1,1
VA184P,+390331841417,1,1
VA185P,+390332234011,1,1
VA186P,+39029600580,1,1
VA187P,+390331504012,4,4
VA188P,,1,0
VA189P,+390331200416,3,3
VA190P,+390331780290; +390332287982,3,3
VA191P,+390332225084,1,1
VA192P,,1,0
VA193P,+390332286367,2,2
VA194P,+39029600580,5,5
VA195P,+390331639333,4,4
VA196P,+390332668122,1,1
VA197P,+39029608202,1,1
VA198P,+390331780290,1,1
VC001P,+390161843255,1,1
VC002P,+390163833164,1,1
VC003P,+390163431477,1,1
VC004P,+39016194609,1,1
VC005P,+393474510737,1,1
VC006P,+393425452989,1,1
VC007P,+390161219773,1,1
VC008P,+390161213177,1,1
VC009P,+390161259300,2,2
VC010P,+390161250494,2,2
VE001P,+390323924565,1,1
VE002P,+390324482657,1,1
VE003P,+393389736526,1,1
VE004P,+39032359106,1,1
VE005P,+390323848118,1,1
VE006P,+393791483140,1,1
VE007P,+393317633441,1,1
VE008P,+39032361659,1,1
VE009P,+390323837354,1,1
VE010P,+390324203451,1,1
VE011P,+393519713843,1,1
VE012P,+393661012040,1,1
VE013P,+39032331130,1,1
VE014P,+39032387177,1,1
VE015P,+39032387177,1,1
VE016P,+390323402506,1,1
VE017P,,1,0
VE018P,+39032451439,1,1
VE019P,+393703351043,1,1
VE020P,+393662639379,1,1
VE021P,+393336010655,1,1
VE022P,+393713073462,1,1
VE023P,+39032331952,1,1
VE024P,+390324482152,1,1
VE025P,+39041990120,1,1
VE026P,+39041913496,1,1
VE027P,+39042191726,1,1
VE028P,+390421972213,1,1
VE029P,+390421478250,1,1
VE030P,+390415268275; +390415268172; +390412744798; +390415267227; +390418897861; +39041937887; +390415228655; +39041982119; +39041908196; +390415470036; +390415230983; +390415287568; +39041710911; +39041721288; +390415350841,16,15
VE031P,+39041400255; +39041491112; +4100491112; +390445740126,4,4
VE032P,+39041990117,1,1
VE033P,+390421390309,1,1
VE034P,+39042171503,1,1
VE035P,+393407018750,1,1
VE036P,+39041411555,1,1
VE037P,+39041469485,1,1
VE038P,+393516080626,1,1
VE039P,+39041615141,1,1
VE040P,+39041482111,1,1
VE041P,+39041437043,1,1
VE042P,+390415417217,1,1
VE043P,+390412619090,1,1
VE044P,+39041630685,1,1
VE045P,+39042150316,1,1
VE046P,+390421235408,1,1
VE047P,+390421477041,1,1
VE048P,+39042152711,1,1
VE049P,+390415185429,1,1
VE050P,+39041460351,1,1
VE051P,+39041467158,1,1
VE052P,+39041730059,1,1
VE053P,+39043150240,1,1
VE054P,+39043159067,1,1
VE055P,+393463165613,1,1
VE056P,+390415223252,1,1
VE057P,+39041487166,1,1
VE058P,+39041430126,1,1
VE059P,+39041415405,1,1
VE060P,+39041410712,1,1
VE061P,+39041421578,1,1
VE062P,+39041479468,1,1
VE063P,+390421211601,1,1
VE064P,+390421351119,1,1
VE065P,+390421320595,1,1
VE066P,+390421320477,1,1
VE067P,+390421706676,1,1
VE068P,+390426355179,1,1
VE069P,+39041982099; +39041959855,5,5
VE070P,+39041951779,1,1
VE071P,+390421789074,1,1
VE072P,+390421700031; +390445423700,2,2
VE073P,+390414569155,1,1
VE074P,+390421272632,1,1
VE075P,+39041710667,1,1
VE076P,+39041909271,1,1
VE077P,+39041942791,1,1
VE078P,+39041984777,3,3
VE079P,+39041907481,1,1
VE080P,+39041411630,1,1
VE081P,+39049502537,1,1
VE082P,+39049502479,1,1
VE083P,+390419348853,1,1
VE084P,+39041436922,1,1
VE085P,+39041436052,1,1
VE086P,+390421316529,1,1
VE087P,+390421301443,1,1
VE088P,+390421232220,1,1
VE089P,+39041913038,1,1
VE090P,+39041912347,1,1
VE091P,+39041913744,1,1
VE092P,+39041611020,1,1
VE093P,+39041983254,2,2
VE094P,+39041616730,1,1
VE095P,+390495848090,1,1
VE096P,+390495809001,1,1
VE097P,+39041640573,1,1
VE098P,+390415400760,1,1
VE099P,+390421311648,1,1
VE100P,+390422769043,1,1
VE101P,+390422789033,1,1
VE102P,+390422824434,1,1
VE103P,+39041921465,1,1
VE104P,+393516261562,1,1
VE105P,+39042651707,1,1
VE106P,+39041420193; +390415639671,4,4
VE107P,+39041411001,1,1
VE108P,+390415225352,2,2
VE109P,+390498306962,1,1
VE110P,+390499567838,1,1
VE111P,+39049502963,1,1
VE112P,+39041466502,1,1
VE113P,+39041466562,1,1
VE114P,+390421324080,1,1
VE115P,+390421329090,1,1
VE116P,+39041429505,1,1
VE117P,+39041421863,1,1
VE118P,+39041445169,1,1
VE119P,+39041449026,1,1
VE120P,+39014445064,1,1
VE121P,+39041486258,1,1
VE122P,+390415730498,1,1
VE123P,+390415730281,1,1
VE124P,+390415780562,1,1
VE125P,+39043157129,1,1
VE126P,+390415420217,1,1
VE127P,+39041441529,1,1
VE128P,+39041440052,1,1
VE129P,+39041442885,1,1
VE130P,+39041440718,1,1
VE131P,+390456305493,1,1
VE132P,+390414950342,1,1
VE133P,+39041982444,1,1
VE134P,+390412909726,1,1
VE135P,+39041472509,3,3
VE136P,+390415950960,1,1
VE137P,+390415286219,2,1
VE138P,+390421223509,1,1
VE139P,+390415222826,4,4
VE140P,+39041493550,2,2
VE141P,+390421281111,2,2
VE142P,+390415341993,2,2
VE143P,+390421232855,3,3
VE144P,+39041987455,2,2
VE145P,+390415498111,1,1
VE146P,+390419343838,1,1
VE147P,+390415241849,1,1
VI001P,+390445963733,1,1
VI002P,+390444222440; +390444222437; +390444222419; +390444222416; +390444222413; +390444222410; +390444222404; +390444222401; +390444222425; +390444222428; +390444222407; +390444222422; +390444222434; +390444222431; +390444563715,17,15
VI003P,+390444670873,1,1
VI004P,+390444422422,1,1
VI005P,+390444636080,1,1
VI006P,+390444614545,1,1
VI007P,+390444614939,1,1
VI008P,+390445630013,1,1
VI009P,+390424590228,1,1
VI010P,+390444668101,1,1
VI011P,+390424590005,1,1
VI012P,+390444572140,1,1
VI013P,+390444670280,1,1
VI014P,+3904241570142,1,1
VI015P,+390424283081; +393926090835,2,2
VI016P,+390444350177,1,1
VI017P,+390445306325,1,1
VI018P,+390444409169,1,1
VI019P,+390444660018,1,1
VI020P,+390445947032,1,1
VI021P,+390444585020,1,1
VI022P,+390444866042,1,1
VI023P,+390424533040,1,1
VI024P,+390424570005,1,1
VI025P,+390445940059,1,1
VI026P,+390445951057; +390445953918,2,2
VI027P,+390445953530,1,1
VI028P,+390444557354,1,1
VI029P,+390444444025,1,1
VI030P,+390444975505,1,1
VI031P,+390444437744,1,1
VI032P,+390445637015,1,1
VI033P,+390445602295,1,1
VI034P,+390445607643,1,1
VI035P,+390444649003,1,1
VI036P,+390445523390,1,1
VI037P,+390445521268,1,1
VI038P,+390444482458,1,1
VI039P,+390424463290,1,1
VI040P,+390424463127,1,1
VI041P,+390445328085,1,1
VI042P,+390424566408,1,1
VI043P,+390445891282,1,1
VI044P,+390444610425,1,1
VI045P,+390444610432,1,1
VI046P,+39042489096,1,1
VI047P,+390444719107,1,1
VI048P,+393930427990,1,1
VI049P,+390424898617,1,1
VI050P,+390445891196,1,1
VI051P,+390444598183,1,1
VI052P,+390445891138,1,1
VI053P,+390445880687,1,1
VI054P,+390424700128,1,1
VI055P,+390445361601,1,1
VI056P,+390445364793,1,1
VI057P,+390445363318,1,1
VI058P,+390445387008,1,1
VI059P,+390444665119,1,1
VI060P,+39042472114,1,1
VI061P,+39042475908,1,1
VI062P,+390424708266,1,1
VI063P,+390424470432,1,1
VI064P,+390444696189,1,1
VI065P,+390444696253,1,1
VI066P,+390444696353,1,1
VI067P,+390445864714,1,1
VI068P,+390445864711,1,1
VI069P,+390444685428,1,1
VI070P,+390424577028,1,1
VI071P,+390424572078,1,1
VI072P,+390444887265,1,1
VI073P,+390444595678,1,1
VI074P,+390445855507,1,1
VI075P,+393519757942,1,1
VI076P,,1,0
VI077P,,1,0
VI078P,+393318922827,1,1
VI079P,+393891521661,1,1
VI080P,+390424694268,1,1
VI081P,+390444356016,1,1
VI082P,,1,0
VI083P,+390444520517,1,1
VI084P,+390424490194,1,1
VI085P,+390424523292,1,1
VI086P,+390444206262,1,1
VI087P,+390444555229,1,1
VI088P,+390444958235,1,1
VI089P,+390444830507,1,1
VI090P,+390424406081,1,1
VI091P,+390444595251,1,1
VI092P,+39042480515,1,1
VI093P,+390444356278,1,1
VI094P,+39044575148,1,1
VI095P,+39042431012,1,1
VI096P,+390424572384,1,1
VI097P,+39042433004,1,1
VI098P,+390424861182,1,1
VI099P,+390424511584,2,2
VI100P,+39042434678,1,1
VI101P,+390424522415,1,1
VI102P,+390424580117,1,1
VI103P,+390424582026,1,1
VI104P,+390424582789,1,1
VI105P,+390424565020,1,1
VI106P,+390444659048,1,1
VI107P,+390444659598,1,1
VI108P,+390445884092,1,1
VI109P,+390445884501,1,1
VI110P,+390445530557,2,2
VI111P,+390445670285,1,1
VI112P,+390445523264,1,1
VI113P,+390424816077,1,1
VI114P,+393203314086,1,1
VI115P,+390444885210,1,1
VI116P,+390444372865,1,1
VI117P,+390444551082,1,1
VI118P,+390445660133,1,1
VI119P,+390444580475,1,1
VI120P,+390445430121,1,1
VI121P,+390445410429,1,1
VI122P,+390445630249,1,1
VI123P,+39042499080,1,1
VI124P,+390445740355,1,1
VI125P,+390444544511,3,3
VI126P,+390444500365,1,1
VI127P,+390444924232,1,1
VI128P,+390444322781,2,2
VI129P,+390444924200,1,1
VI130P,+390444960761,1,1
VI131P,+390444530047,2,2
VI132P,+390444980143,1,1
VI133P,+390445855115,1,1
VI134P,+393404105439,1,1
VI135P,+390445872078,1,1
VI136P,+390445361334,1,1
VI137P,+390445363464,1,1
VI138P,+390445851020,1,1
VI139P,,1,0
VI140P,+390424509820,3,3
VI141P,+390424522254,3,2
VI142P,+390445865098,1,1
VI143P,+390445749032,1,1
VI144P,+390444542354,1,1
VI145P,+390444670015,1,1
VI146P,+390445361965,2,2
VI147P,+393474105657,2,2
VI148P,+390424582191,2,2
VI149P,+390444623013,1,1
VI150P,+390444830067,1,1
VI151P,+390444696019,1,1
VI152P,+390444324445,1,1
VI153P,,1,0
VI154P,+390444963233,3,3
VR001P,+390457465098,1,1
VR002P,+390457200350,1,1
VR003P,+390457225312,1,1
VR004P,+390457255120,1,1
VR005P,+39044220465,1,1
VR006P,+39044294473,1,1
VR007P,,1,0
VR008P,+39045545706,1,1
VR009P,+390457950361,1,1
VR010P,+39045513121,1,1
VR011P,+39045513123,1,1
VR012P,+39045514101,1,1
VR013P,+39045550229,1,1
VR014P,+390458700087,1,1
VR015P,+390458670638,6,4
VR016P,+390454853094,1,1
VR017P,+390452523309,1,1
VR018P,+390452236918,1,1
VR019P,+390458007167; +39045550933; +390458344604; +39045562840; +39045521327; +39045504127; +39045567918; +39045596650; +39045523261; +39045533066; +39045505255; +39045583217; +390458345003; +39045941928; +390458007141; +39045915968; +39045500595; +39045508526; +39045562026,23,20
VR020P,+390458000942,1,1
VR021P,+39045550390; +39045942532; +390458266025,3,3
VR022P,+39045563186,1,1
VR023P,+390457235434,1,1
VR024P,+390457235253,1,1
VR025P,+393488897191; +390457170189,2,2
VR026P,+390457210040,1,1
VR027P,+390456210656,1,1
VR028P,+390456305493,1,1
VR029P,+390457590068,1,1
VR030P,+390457590072,1,1
VR031P,+390458830011,1,1
VR032P,+39045973929,1,1
VR033P,+390452243613,1,1
VR034P,+39045972493,1,1
VR035P,+390457640642,1,1
VR036P,+390456080480,1,1
VR037P,+390457190038,1,1
VR038P,+390458961645,1,1
VR039P,+39045516080,1,1
VR040P,+390458581176,1,1
VR041P,+390442615309,1,1
VR042P,+39045522558,2,2
VR043P,+39045520134,1,1
VR044P,+39045532491,1,1
VR045P,+390458730238,1,1
VR046P,+390458778120,1,1
VR047P,+390456699133,1,1
VR048P,+390457364887,1,1
VR049P,+390457363115,1,1
VR050P,+390457920180,1,1
VR051P,+390457325269,1,1
VR052P,+390457810513,1,1
VR053P,+390457701662,1,1
VR054P,+390457701381,1,1
VR055P,+390458740263,1,1
VR056P,+39045975920,1,1
VR057P,+390458820121,1,1
VR058P,+390457571275,1,1
VR059P,+390457595060,1,1
VR060P,+390457550610,1,1
VR061P,+39045512194,1,1
VR062P,+39045512293,1,1
VR063P,+390458006440,1,1
VR064P,+39045574440,1,1
VR065P,+390456101000,1,1
VR066P,+393274334342,1,1
VR067P,+390456134811,1,1
VR068P,+390457850227,1,1
VR069P,+390457875002,1,1
VR070P,+390457850967,1,1
VR071P,+39044235075,1,1
VR072P,+390457680115,1,1
VR073P,+39044280262,1,1
VR074P,+39044283040,1,1
VR075P,+390456861415,1,1
VR076P,+39044285904,1,1
VR077P,+390456861347,1,1
VR078P,+390442410730,1,1
VR079P,+390457732393,1,1
VR080P,+390457701315,1,1
VR081P,+390457660621,1,1
VR082P,+390457660717,1,1
VR083P,+390457612608,1,1
VR084P,+393496384201,1,1
VR085P,+393517165951,1,1
VR086P,+390457610721,1,1
VR087P,+390456175043,1,1
VR088P,+390457971282,1,1
VR089P,+39045557229,1,1
VR090P,+39044247037,1,1
VR091P,+393801711768,1,1
VR092P,+390442490183,1,1
VR093P,+390442490811,1,1
VR094P,+390457551347,1,1
VR095P,+390457550199; +390458002709,3,3
VR096P,+390456615796,1,1
VR097P,+393517089235,1,1
VR098P,+390457020614,1,1
VR099P,+390457000270,1,1
VR100P,+390457025015,1,1
VR101P,+39044221103,1,1
VR102P,+39044221637,1,1
VR103P,+39044226893,1,1
VR104P,+39044224580; +39044227011,2,2
VR105P,+390458342139,1,1
VR106P,+390458344433,1,1
VR107P,+390458000015,2,2
VR108P,+390458340070,1,1
VR109P,+39045953070,1,1
VR110P,+39045953056; +39045562025; +39045563127; +390458187924,5,5
VR111P,+390458547005,1,1
VR112P,+390456660029,1,1
VR113P,+39045540216,1,1
VR114P,+390456573815,1,1
VR115P,+390442550334,1,1
VR116P,+39044258600,1,1
VR117P,+39045501623,1,1
VR118P,+390458004819,1,1
VR119P,+39045574222,1,1
VR120P,+39044273034,1,1
VR121P,+3904421908638,1,1
VR122P,+390442641550,1,1
VR123P,+39044274383,1,1
VR124P,+390457500143,1,1
VR125P,+390457513545,1,1
VR126P,+390457540018,1,1
VR127P,+39045982353,1,1
VR128P,+39045982124,1,1
VR129P,+390458740071,1,1
VR130P,+390457834037,1,1
VR131P,+390457834256,1,1
VR132P,+390458880436,1,1
VR133P,+390457145047,1,1
VR134P,+39044283007,1,1
VR135P,+390457101256,1,1
VR136P,+39045907112,1,1
VR137P,+39045907372,1,1
VR138P,+390458801042,1,1
VR139P,+39045907449,1,1
VR140P,+390457460221,1,1
VR141P,+390457460115,1,1
VR142P,+393758042156,1,1
VR143P,+39045500465; +39045505369,3,3
VR144P,+390457755065,1,1
VR145P,,1,0
VR146P,+390457731112,1,1
VR147P,+390452525970,1,1
VR148P,+390457144383,1,1
VR149P,+390457900566,1,1
VR150P,+390457940112,1,1
VR151P,+390456336525,1,1
VR152P,+393791325669,1,1
VR153P,+390459611816; +390456300976,2,2
VR154P,+390456150121,1,1
VR155P,+390456150877,1,1
VR156P,+390457650046,1,1
VR157P,+390457650260,1,1
VR158P,+390457652775,1,1
VR159P,+390457325312,1,1
VR160P,+390456250002,1,1
VR161P,+390457241632,1,1
VR162P,+390458900041,1,1
VR163P,+390456598480,1,1
VR164P,+390457135992,1,1
VR165P,+390457130334,1,1
VR166P,+390456984101,1,1
VR167P,+390457135411,1,1
VR168P,+390457335101,1,1
VR169P,+390457330022,1,1
VR170P,+390457301029,1,1
VR171P,+390457725050,1,1
VR172P,+39045578200,4,4
VR173P,+390456704288,1,1
VR174P,+390457150376,1,1
VR175P,+390455547305,1,1
VR176P,+390458344643; +3904583444643,2,2
VR177P,+390456800234,1,1
VR178P,+39045917821; +39045916009,3,2
VR179P,+39045510752,1,1
VR180P,+390457158795; +390458942300,3,2
VR181P,+393357862514,1,1
VR182P,+390458001433,5,5
VR183P,+390458070711,5,5
VR184P,+390458006662,5,5
VR185P,+390455549256,2,2
VR186P,+390456598800,3,3
VR187P,+390457652099,1,1
VR188P,+390458348536; +458348536,3,3
VR189P,+390458399618,3,3
VR190P,+390458034094,4,4
VR191P,+39045550018,1,1
VR192P,+390442602482,1,1
VR193P,+458005982; +390458005982,2,2
VR194P,+390458070123,1,1
VR195P,+39045912666,1,1
VT001P,+390761304658,3,3
VT002P,+390761646023,1,1
VT003P,+390761826241; +390761870145,4,4
VT004P,+390761745266,1,1
VT005P,+390766856903; +390766525090,2,2
VT006P,+390761513302,2,2
VT007P,+390761283795,1,1
VT008P,+390761435097,1,1
VT009P,+390761308770,3,3
VT010P,,2,0
VT011P,+390761409650,1,1
VT012P,+390766840852,1,1
VT013P,+390761625306,1,1
VT014P,+39067008012,1,1
VT015P,,1,0
VT016P,,1,0
VT017P,,1,0
VT018P,+393283453374,1,1
VT019P,,1,0
VT020P,+390766842525,1,1
VT021P,+390761321000,4,3
VT022P,+390766842525,1,1
VT023P,+3907611891380,1,1
VT024P,+390761326797,1,1
VV001P,+39096371021,1,1
VV002P,+390963546150,1,1
VV003P,+39096381570,1,1
VV004P,+39096393495,2,2
VV005P,+39096394552,1,1
VV006P,+393316546410,1,1
VV007P,+390963537753,1,1
VV008P,+3933835789,1,1
VV009P,+393803340109,1,1
VV010P,+390963356028,1,1
VV011P,,1,0
VV012P,+390963263557,1,1
VV013P,+39096381276,1,1
VV014P,+390963572081,1,1
VV015P,+393291121107,1,1
VV016P,+393283395975,1,1
VV017P,+393395337917,1,1
VV018P,+393495258164,1,1
VV019P,,1,0
